Workbook

Sheet Daily
A1: Cigarette reconciliation | F1: =IF(COUNT(Data!$U:$U)=0,"No rows yet — no submitted cigarettes count, or the Counts query is not attached",IF(COUNTIFS(Data!$R$2:$R$1048576,"<>",Data!$R$2:$R$1048576,"<>CIGARETTES")>0,"WRONG QUERY: this sheet has rows that are not CIGARETTES — reattach Counts","Safari · "&COUNT(Calc!$B$3:$B$62)&" days loaded, latest "&TEXT(MAX(Data!$B:$B),"dd mmm yyyy"))) | L1: =IFERROR(MATCH($B$3,Calc!$B$3:$B$62,0),"")
A2: TRADING DAY (CLOSING) | D2: OPENING FROM | F2: COUNTED BY | H2: PRODUCTS
A3: Show: | B3: =IFERROR(INDEX(Data!$B:$B,MATCH(1,Data!$U:$U,0)),"") | D3: =IF($L$1="","—",IF(INDEX(Calc!$D$3:$D$62,$L$1)="","—",INDEX(Calc!$D$3:$D$62,$L$1))) | F3: =IF($L$1="","—",IF(INDEX(Calc!$C$3:$C$62,$L$1)="","—",INDEX(Calc!$C$3:$C$62,$L$1))) | H3: =IF($L$1="","—",IF(INDEX(Calc!$E$3:$E$62,$L$1)="","—",INDEX(Calc!$E$3:$E$62,$L$1)))
A5: PRODUCTS WITH VARIANCE | D5: TOTAL VARIANCE (PACKS) | F5: TOTAL VARIANCE (RM) | H5: POS SALES
A6: =IF($L$1="","—",IF(INDEX(Calc!$H$3:$H$62,$L$1)="","—",INDEX(Calc!$H$3:$H$62,$L$1))) | D6: =IF($L$1="","—",IF(INDEX(Calc!$I$3:$I$62,$L$1)="","—",INDEX(Calc!$I$3:$I$62,$L$1))) | F6: =IF($L$1="","—",IF(INDEX(Calc!$K$3:$K$62,$L$1)="","—",INDEX(Calc!$K$3:$K$62,$L$1))) | H6: =IF($L$1="","—",IF(INDEX(Calc!$M$3:$M$62,$L$1)="","—",INDEX(Calc!$M$3:$M$62,$L$1)))
A7: =IF(COUNT(Data!$U:$U)=0,"Nothing to show yet. Either no cigarettes count has been submitted, or the Counts query is not attached — see the Setup sheet.",IF($L$1="","—",IF(INDEX(Calc!$O$3:$O$62,$L$1)="","—",INDEX(Calc!$O$3:$O$62,$L$1))))
A9: Product | B9: Opening | C9: Added | D9: Closing | E9: Sold (counted) | F9: Sold (POS) | G9: Variance | H9: Variance RM | I9: Item ID | J9: PLU
A10: =IF(AND(ISNUMBER($L10),$L10<>""),INDEX(Data!$G:$G,$L10),"") | B10: =IF(AND(ISNUMBER($L10),$L10<>""),IF(INDEX(Data!$I:$I,$L10)="","—",INDEX(Data!$I:$I,$L10)),"") | C10: =IF(AND(ISNUMBER($L10),$L10<>""),INDEX(Data!$J:$J,$L10),"") | D10: =IF(AND(ISNUMBER($L10),$L10<>""),INDEX(Data!$K:$K,$L10),"") | E10: =IF(AND(ISNUMBER($L10),$L10<>""),IF(INDEX(Data!$L:$L,$L10)="","—",INDEX(Data!$L:$L,$L10)),"") | F10: =IF(AND(ISNUMBER($L10),$L10<>""),IF(INDEX(Data!$M:$M,$L10)="","—",INDEX(Data!$M:$M,$L10)),"") | G10: =IF(AND(ISNUMBER($L10),$L10<>""),IF(INDEX(Data!$N:$N,$L10)="","—",INDEX(Data!$N:$N,$L10)),"") | H10: =IF(AND(ISNUMBER($L10),$L10<>""),IF(INDEX(Data!$Q:$Q,$L10)="","—",INDEX(Data!$Q:$Q,$L10)),"") | I10: =IF(AND(ISNUMBER($L10),$L10<>""),INDEX(Data!$E:$E,$L10),"") | J10: =IF(AND(ISNUMBER($L10),$L10<>""),INDEX(Data!$F:$F,$L10),"") | L10: =IFERROR(MATCH((YEAR($B$3)*10000+MONTH($B$3)*100+DAY($B$3))*1000+1,Data!$W:$W,0),"")
A11: =IF(AND(ISNUMBER($L11),$L11<>""),INDEX(Data!$G:$G,$L11),"") | B11: =IF(AND(ISNUMBER($L11),$L11<>""),IF(INDEX(Data!$I:$I,$L11)="","—",INDEX(Data!$I:$I,$L11)),"") | C11: =IF(AND(ISNUMBER($L11),$L11<>""),INDEX(Data!$J:$J,$L11),"") | D11: =IF(AND(ISNUMBER($L11),$L11<>""),INDEX(Data!$K:$K,$L11),"") | E11: =IF(AND(ISNUMBER($L11),$L11<>""),IF(INDEX(Data!$L:$L,$L11)="","—",INDEX(Data!$L:$L,$L11)),"") | F11: =IF(AND(ISNUMBER($L11),$L11<>""),IF(INDEX(Data!$M:$M,$L11)="","—",INDEX(Data!$M:$M,$L11)),"") | G11: =IF(AND(ISNUMBER($L11),$L11<>""),IF(INDEX(Data!$N:$N,$L11)="","—",INDEX(Data!$N:$N,$L11)),"") | H11: =IF(AND(ISNUMBER($L11),$L11<>""),IF(INDEX(Data!$Q:$Q,$L11)="","—",INDEX(Data!$Q:$Q,$L11)),"") | I11: =IF(AND(ISNUMBER($L11),$L11<>""),INDEX(Data!$E:$E,$L11),"") | J11: =IF(AND(ISNUMBER($L11),$L11<>""),INDEX(Data!$F:$F,$L11),"") | L11: =IFERROR(MATCH((YEAR($B$3)*10000+MONTH($B$3)*100+DAY($B$3))*1000+2,Data!$W:$W,0),"")
A12: =IF(AND(ISNUMBER($L12),$L12<>""),INDEX(Data!$G:$G,$L12),"") | B12: =IF(AND(ISNUMBER($L12),$L12<>""),IF(INDEX(Data!$I:$I,$L12)="","—",INDEX(Data!$I:$I,$L12)),"") | C12: =IF(AND(ISNUMBER($L12),$L12<>""),INDEX(Data!$J:$J,$L12),"") | D12: =IF(AND(ISNUMBER($L12),$L12<>""),INDEX(Data!$K:$K,$L12),"") | E12: =IF(AND(ISNUMBER($L12),$L12<>""),IF(INDEX(Data!$L:$L,$L12)="","—",INDEX(Data!$L:$L,$L12)),"") | F12: =IF(AND(ISNUMBER($L12),$L12<>""),IF(INDEX(Data!$M:$M,$L12)="","—",INDEX(Data!$M:$M,$L12)),"") | G12: =IF(AND(ISNUMBER($L12),$L12<>""),IF(INDEX(Data!$N:$N,$L12)="","—",INDEX(Data!$N:$N,$L12)),"") | H12: =IF(AND(ISNUMBER($L12),$L12<>""),IF(INDEX(Data!$Q:$Q,$L12)="","—",INDEX(Data!$Q:$Q,$L12)),"") | I12: =IF(AND(ISNUMBER($L12),$L12<>""),INDEX(Data!$E:$E,$L12),"") | J12: =IF(AND(ISNUMBER($L12),$L12<>""),INDEX(Data!$F:$F,$L12),"") | L12: =IFERROR(MATCH((YEAR($B$3)*10000+MONTH($B$3)*100+DAY($B$3))*1000+3,Data!$W:$W,0),"")
A13: =IF(AND(ISNUMBER($L13),$L13<>""),INDEX(Data!$G:$G,$L13),"") | B13: =IF(AND(ISNUMBER($L13),$L13<>""),IF(INDEX(Data!$I:$I,$L13)="","—",INDEX(Data!$I:$I,$L13)),"") | C13: =IF(AND(ISNUMBER($L13),$L13<>""),INDEX(Data!$J:$J,$L13),"") | D13: =IF(AND(ISNUMBER($L13),$L13<>""),INDEX(Data!$K:$K,$L13),"") | E13: =IF(AND(ISNUMBER($L13),$L13<>""),IF(INDEX(Data!$L:$L,$L13)="","—",INDEX(Data!$L:$L,$L13)),"") | F13: =IF(AND(ISNUMBER($L13),$L13<>""),IF(INDEX(Data!$M:$M,$L13)="","—",INDEX(Data!$M:$M,$L13)),"") | G13: =IF(AND(ISNUMBER($L13),$L13<>""),IF(INDEX(Data!$N:$N,$L13)="","—",INDEX(Data!$N:$N,$L13)),"") | H13: =IF(AND(ISNUMBER($L13),$L13<>""),IF(INDEX(Data!$Q:$Q,$L13)="","—",INDEX(Data!$Q:$Q,$L13)),"") | I13: =IF(AND(ISNUMBER($L13),$L13<>""),INDEX(Data!$E:$E,$L13),"") | J13: =IF(AND(ISNUMBER($L13),$L13<>""),INDEX(Data!$F:$F,$L13),"") | L13: =IFERROR(MATCH((YEAR($B$3)*10000+MONTH($B$3)*100+DAY($B$3))*1000+4,Data!$W:$W,0),"")
A14: =IF(AND(ISNUMBER($L14),$L14<>""),INDEX(Data!$G:$G,$L14),"") | B14: =IF(AND(ISNUMBER($L14),$L14<>""),IF(INDEX(Data!$I:$I,$L14)="","—",INDEX(Data!$I:$I,$L14)),"") | C14: =IF(AND(ISNUMBER($L14),$L14<>""),INDEX(Data!$J:$J,$L14),"") | D14: =IF(AND(ISNUMBER($L14),$L14<>""),INDEX(Data!$K:$K,$L14),"") | E14: =IF(AND(ISNUMBER($L14),$L14<>""),IF(INDEX(Data!$L:$L,$L14)="","—",INDEX(Data!$L:$L,$L14)),"") | F14: =IF(AND(ISNUMBER($L14),$L14<>""),IF(INDEX(Data!$M:$M,$L14)="","—",INDEX(Data!$M:$M,$L14)),"") | G14: =IF(AND(ISNUMBER($L14),$L14<>""),IF(INDEX(Data!$N:$N,$L14)="","—",INDEX(Data!$N:$N,$L14)),"") | H14: =IF(AND(ISNUMBER($L14),$L14<>""),IF(INDEX(Data!$Q:$Q,$L14)="","—",INDEX(Data!$Q:$Q,$L14)),"") | I14: =IF(AND(ISNUMBER($L14),$L14<>""),INDEX(Data!$E:$E,$L14),"") | J14: =IF(AND(ISNUMBER($L14),$L14<>""),INDEX(Data!$F:$F,$L14),"") | L14: =IFERROR(MATCH((YEAR($B$3)*10000+MONTH($B$3)*100+DAY($B$3))*1000+5,Data!$W:$W,0),"")
A15: =IF(AND(ISNUMBER($L15),$L15<>""),INDEX(Data!$G:$G,$L15),"") | B15: =IF(AND(ISNUMBER($L15),$L15<>""),IF(INDEX(Data!$I:$I,$L15)="","—",INDEX(Data!$I:$I,$L15)),"") | C15: =IF(AND(ISNUMBER($L15),$L15<>""),INDEX(Data!$J:$J,$L15),"") | D15: =IF(AND(ISNUMBER($L15),$L15<>""),INDEX(Data!$K:$K,$L15),"") | E15: =IF(AND(ISNUMBER($L15),$L15<>""),IF(INDEX(Data!$L:$L,$L15)="","—",INDEX(Data!$L:$L,$L15)),"") | F15: =IF(AND(ISNUMBER($L15),$L15<>""),IF(INDEX(Data!$M:$M,$L15)="","—",INDEX(Data!$M:$M,$L15)),"") | G15: =IF(AND(ISNUMBER($L15),$L15<>""),IF(INDEX(Data!$N:$N,$L15)="","—",INDEX(Data!$N:$N,$L15)),"") | H15: =IF(AND(ISNUMBER($L15),$L15<>""),IF(INDEX(Data!$Q:$Q,$L15)="","—",INDEX(Data!$Q:$Q,$L15)),"") | I15: =IF(AND(ISNUMBER($L15),$L15<>""),INDEX(Data!$E:$E,$L15),"") | J15: =IF(AND(ISNUMBER($L15),$L15<>""),INDEX(Data!$F:$F,$L15),"") | L15: =IFERROR(MATCH((YEAR($B$3)*10000+MONTH($B$3)*100+DAY($B$3))*1000+6,Data!$W:$W,0),"")
A16: =IF(AND(ISNUMBER($L16),$L16<>""),INDEX(Data!$G:$G,$L16),"") | B16: =IF(AND(ISNUMBER($L16),$L16<>""),IF(INDEX(Data!$I:$I,$L16)="","—",INDEX(Data!$I:$I,$L16)),"") | C16: =IF(AND(ISNUMBER($L16),$L16<>""),INDEX(Data!$J:$J,$L16),"") | D16: =IF(AND(ISNUMBER($L16),$L16<>""),INDEX(Data!$K:$K,$L16),"") | E16: =IF(AND(ISNUMBER($L16),$L16<>""),IF(INDEX(Data!$L:$L,$L16)="","—",INDEX(Data!$L:$L,$L16)),"") | F16: =IF(AND(ISNUMBER($L16),$L16<>""),IF(INDEX(Data!$M:$M,$L16)="","—",INDEX(Data!$M:$M,$L16)),"") | G16: =IF(AND(ISNUMBER($L16),$L16<>""),IF(INDEX(Data!$N:$N,$L16)="","—",INDEX(Data!$N:$N,$L16)),"") | H16: =IF(AND(ISNUMBER($L16),$L16<>""),IF(INDEX(Data!$Q:$Q,$L16)="","—",INDEX(Data!$Q:$Q,$L16)),"") | I16: =IF(AND(ISNUMBER($L16),$L16<>""),INDEX(Data!$E:$E,$L16),"") | J16: =IF(AND(ISNUMBER($L16),$L16<>""),INDEX(Data!$F:$F,$L16),"") | L16: =IFERROR(MATCH((YEAR($B$3)*10000+MONTH($B$3)*100+DAY($B$3))*1000+7,Data!$W:$W,0),"")
A17: =IF(AND(ISNUMBER($L17),$L17<>""),INDEX(Data!$G:$G,$L17),"") | B17: =IF(AND(ISNUMBER($L17),$L17<>""),IF(INDEX(Data!$I:$I,$L17)="","—",INDEX(Data!$I:$I,$L17)),"") | C17: =IF(AND(ISNUMBER($L17),$L17<>""),INDEX(Data!$J:$J,$L17),"") | D17: =IF(AND(ISNUMBER($L17),$L17<>""),INDEX(Data!$K:$K,$L17),"") | E17: =IF(AND(ISNUMBER($L17),$L17<>""),IF(INDEX(Data!$L:$L,$L17)="","—",INDEX(Data!$L:$L,$L17)),"") | F17: =IF(AND(ISNUMBER($L17),$L17<>""),IF(INDEX(Data!$M:$M,$L17)="","—",INDEX(Data!$M:$M,$L17)),"") | G17: =IF(AND(ISNUMBER($L17),$L17<>""),IF(INDEX(Data!$N:$N,$L17)="","—",INDEX(Data!$N:$N,$L17)),"") | H17: =IF(AND(ISNUMBER($L17),$L17<>""),IF(INDEX(Data!$Q:$Q,$L17)="","—",INDEX(Data!$Q:$Q,$L17)),"") | I17: =IF(AND(ISNUMBER($L17),$L17<>""),INDEX(Data!$E:$E,$L17),"") | J17: =IF(AND(ISNUMBER($L17),$L17<>""),INDEX(Data!$F:$F,$L17),"") | L17: =IFERROR(MATCH((YEAR($B$3)*10000+MONTH($B$3)*100+DAY($B$3))*1000+8,Data!$W:$W,0),"")
A18: =IF(AND(ISNUMBER($L18),$L18<>""),INDEX(Data!$G:$G,$L18),"") | B18: =IF(AND(ISNUMBER($L18),$L18<>""),IF(INDEX(Data!$I:$I,$L18)="","—",INDEX(Data!$I:$I,$L18)),"") | C18: =IF(AND(ISNUMBER($L18),$L18<>""),INDEX(Data!$J:$J,$L18),"") | D18: =IF(AND(ISNUMBER($L18),$L18<>""),INDEX(Data!$K:$K,$L18),"") | E18: =IF(AND(ISNUMBER($L18),$L18<>""),IF(INDEX(Data!$L:$L,$L18)="","—",INDEX(Data!$L:$L,$L18)),"") | F18: =IF(AND(ISNUMBER($L18),$L18<>""),IF(INDEX(Data!$M:$M,$L18)="","—",INDEX(Data!$M:$M,$L18)),"") | G18: =IF(AND(ISNUMBER($L18),$L18<>""),IF(INDEX(Data!$N:$N,$L18)="","—",INDEX(Data!$N:$N,$L18)),"") | H18: =IF(AND(ISNUMBER($L18),$L18<>""),IF(INDEX(Data!$Q:$Q,$L18)="","—",INDEX(Data!$Q:$Q,$L18)),"") | I18: =IF(AND(ISNUMBER($L18),$L18<>""),INDEX(Data!$E:$E,$L18),"") | J18: =IF(AND(ISNUMBER($L18),$L18<>""),INDEX(Data!$F:$F,$L18),"") | L18: =IFERROR(MATCH((YEAR($B$3)*10000+MONTH($B$3)*100+DAY($B$3))*1000+9,Data!$W:$W,0),"")
A19: =IF(AND(ISNUMBER($L19),$L19<>""),INDEX(Data!$G:$G,$L19),"") | B19: =IF(AND(ISNUMBER($L19),$L19<>""),IF(INDEX(Data!$I:$I,$L19)="","—",INDEX(Data!$I:$I,$L19)),"") | C19: =IF(AND(ISNUMBER($L19),$L19<>""),INDEX(Data!$J:$J,$L19),"") | D19: =IF(AND(ISNUMBER($L19),$L19<>""),INDEX(Data!$K:$K,$L19),"") | E19: =IF(AND(ISNUMBER($L19),$L19<>""),IF(INDEX(Data!$L:$L,$L19)="","—",INDEX(Data!$L:$L,$L19)),"") | F19: =IF(AND(ISNUMBER($L19),$L19<>""),IF(INDEX(Data!$M:$M,$L19)="","—",INDEX(Data!$M:$M,$L19)),"") | G19: =IF(AND(ISNUMBER($L19),$L19<>""),IF(INDEX(Data!$N:$N,$L19)="","—",INDEX(Data!$N:$N,$L19)),"") | H19: =IF(AND(ISNUMBER($L19),$L19<>""),IF(INDEX(Data!$Q:$Q,$L19)="","—",INDEX(Data!$Q:$Q,$L19)),"") | I19: =IF(AND(ISNUMBER($L19),$L19<>""),INDEX(Data!$E:$E,$L19),"") | J19: =IF(AND(ISNUMBER($L19),$L19<>""),INDEX(Data!$F:$F,$L19),"") | L19: =IFERROR(MATCH((YEAR($B$3)*10000+MONTH($B$3)*100+DAY($B$3))*1000+10,Data!$W:$W,0),"")
A20: =IF(AND(ISNUMBER($L20),$L20<>""),INDEX(Data!$G:$G,$L20),"") | B20: =IF(AND(ISNUMBER($L20),$L20<>""),IF(INDEX(Data!$I:$I,$L20)="","—",INDEX(Data!$I:$I,$L20)),"") | C20: =IF(AND(ISNUMBER($L20),$L20<>""),INDEX(Data!$J:$J,$L20),"") | D20: =IF(AND(ISNUMBER($L20),$L20<>""),INDEX(Data!$K:$K,$L20),"") | E20: =IF(AND(ISNUMBER($L20),$L20<>""),IF(INDEX(Data!$L:$L,$L20)="","—",INDEX(Data!$L:$L,$L20)),"") | F20: =IF(AND(ISNUMBER($L20),$L20<>""),IF(INDEX(Data!$M:$M,$L20)="","—",INDEX(Data!$M:$M,$L20)),"") | G20: =IF(AND(ISNUMBER($L20),$L20<>""),IF(INDEX(Data!$N:$N,$L20)="","—",INDEX(Data!$N:$N,$L20)),"") | H20: =IF(AND(ISNUMBER($L20),$L20<>""),IF(INDEX(Data!$Q:$Q,$L20)="","—",INDEX(Data!$Q:$Q,$L20)),"") | I20: =IF(AND(ISNUMBER($L20),$L20<>""),INDEX(Data!$E:$E,$L20),"") | J20: =IF(AND(ISNUMBER($L20),$L20<>""),INDEX(Data!$F:$F,$L20),"") | L20: =IFERROR(MATCH((YEAR($B$3)*10000+MONTH($B$3)*100+DAY($B$3))*1000+11,Data!$W:$W,0),"")
A21: =IF(AND(ISNUMBER($L21),$L21<>""),INDEX(Data!$G:$G,$L21),"") | B21: =IF(AND(ISNUMBER($L21),$L21<>""),IF(INDEX(Data!$I:$I,$L21)="","—",INDEX(Data!$I:$I,$L21)),"") | C21: =IF(AND(ISNUMBER($L21),$L21<>""),INDEX(Data!$J:$J,$L21),"") | D21: =IF(AND(ISNUMBER($L21),$L21<>""),INDEX(Data!$K:$K,$L21),"") | E21: =IF(AND(ISNUMBER($L21),$L21<>""),IF(INDEX(Data!$L:$L,$L21)="","—",INDEX(Data!$L:$L,$L21)),"") | F21: =IF(AND(ISNUMBER($L21),$L21<>""),IF(INDEX(Data!$M:$M,$L21)="","—",INDEX(Data!$M:$M,$L21)),"") | G21: =IF(AND(ISNUMBER($L21),$L21<>""),IF(INDEX(Data!$N:$N,$L21)="","—",INDEX(Data!$N:$N,$L21)),"") | H21: =IF(AND(ISNUMBER($L21),$L21<>""),IF(INDEX(Data!$Q:$Q,$L21)="","—",INDEX(Data!$Q:$Q,$L21)),"") | I21: =IF(AND(ISNUMBER($L21),$L21<>""),INDEX(Data!$E:$E,$L21),"") | J21: =IF(AND(ISNUMBER($L21),$L21<>""),INDEX(Data!$F:$F,$L21),"") | L21: =IFERROR(MATCH((YEAR($B$3)*10000+MONTH($B$3)*100+DAY($B$3))*1000+12,Data!$W:$W,0),"")
A22: =IF(AND(ISNUMBER($L22),$L22<>""),INDEX(Data!$G:$G,$L22),"") | B22: =IF(AND(ISNUMBER($L22),$L22<>""),IF(INDEX(Data!$I:$I,$L22)="","—",INDEX(Data!$I:$I,$L22)),"") | C22: =IF(AND(ISNUMBER($L22),$L22<>""),INDEX(Data!$J:$J,$L22),"") | D22: =IF(AND(ISNUMBER($L22),$L22<>""),INDEX(Data!$K:$K,$L22),"") | E22: =IF(AND(ISNUMBER($L22),$L22<>""),IF(INDEX(Data!$L:$L,$L22)="","—",INDEX(Data!$L:$L,$L22)),"") | F22: =IF(AND(ISNUMBER($L22),$L22<>""),IF(INDEX(Data!$M:$M,$L22)="","—",INDEX(Data!$M:$M,$L22)),"") | G22: =IF(AND(ISNUMBER($L22),$L22<>""),IF(INDEX(Data!$N:$N,$L22)="","—",INDEX(Data!$N:$N,$L22)),"") | H22: =IF(AND(ISNUMBER($L22),$L22<>""),IF(INDEX(Data!$Q:$Q,$L22)="","—",INDEX(Data!$Q:$Q,$L22)),"") | I22: =IF(AND(ISNUMBER($L22),$L22<>""),INDEX(Data!$E:$E,$L22),"") | J22: =IF(AND(ISNUMBER($L22),$L22<>""),INDEX(Data!$F:$F,$L22),"") | L22: =IFERROR(MATCH((YEAR($B$3)*10000+MONTH($B$3)*100+DAY($B$3))*1000+13,Data!$W:$W,0),"")
A23: =IF(AND(ISNUMBER($L23),$L23<>""),INDEX(Data!$G:$G,$L23),"") | B23: =IF(AND(ISNUMBER($L23),$L23<>""),IF(INDEX(Data!$I:$I,$L23)="","—",INDEX(Data!$I:$I,$L23)),"") | C23: =IF(AND(ISNUMBER($L23),$L23<>""),INDEX(Data!$J:$J,$L23),"") | D23: =IF(AND(ISNUMBER($L23),$L23<>""),INDEX(Data!$K:$K,$L23),"") | E23: =IF(AND(ISNUMBER($L23),$L23<>""),IF(INDEX(Data!$L:$L,$L23)="","—",INDEX(Data!$L:$L,$L23)),"") | F23: =IF(AND(ISNUMBER($L23),$L23<>""),IF(INDEX(Data!$M:$M,$L23)="","—",INDEX(Data!$M:$M,$L23)),"") | G23: =IF(AND(ISNUMBER($L23),$L23<>""),IF(INDEX(Data!$N:$N,$L23)="","—",INDEX(Data!$N:$N,$L23)),"") | H23: =IF(AND(ISNUMBER($L23),$L23<>""),IF(INDEX(Data!$Q:$Q,$L23)="","—",INDEX(Data!$Q:$Q,$L23)),"") | I23: =IF(AND(ISNUMBER($L23),$L23<>""),INDEX(Data!$E:$E,$L23),"") | J23: =IF(AND(ISNUMBER($L23),$L23<>""),INDEX(Data!$F:$F,$L23),"") | L23: =IFERROR(MATCH((YEAR($B$3)*10000+MONTH($B$3)*100+DAY($B$3))*1000+14,Data!$W:$W,0),"")
A24: =IF(AND(ISNUMBER($L24),$L24<>""),INDEX(Data!$G:$G,$L24),"") | B24: =IF(AND(ISNUMBER($L24),$L24<>""),IF(INDEX(Data!$I:$I,$L24)="","—",INDEX(Data!$I:$I,$L24)),"") | C24: =IF(AND(ISNUMBER($L24),$L24<>""),INDEX(Data!$J:$J,$L24),"") | D24: =IF(AND(ISNUMBER($L24),$L24<>""),INDEX(Data!$K:$K,$L24),"") | E24: =IF(AND(ISNUMBER($L24),$L24<>""),IF(INDEX(Data!$L:$L,$L24)="","—",INDEX(Data!$L:$L,$L24)),"") | F24: =IF(AND(ISNUMBER($L24),$L24<>""),IF(INDEX(Data!$M:$M,$L24)="","—",INDEX(Data!$M:$M,$L24)),"") | G24: =IF(AND(ISNUMBER($L24),$L24<>""),IF(INDEX(Data!$N:$N,$L24)="","—",INDEX(Data!$N:$N,$L24)),"") | H24: =IF(AND(ISNUMBER($L24),$L24<>""),IF(INDEX(Data!$Q:$Q,$L24)="","—",INDEX(Data!$Q:$Q,$L24)),"") | I24: =IF(AND(ISNUMBER($L24),$L24<>""),INDEX(Data!$E:$E,$L24),"") | J24: =IF(AND(ISNUMBER($L24),$L24<>""),INDEX(Data!$F:$F,$L24),"") | L24: =IFERROR(MATCH((YEAR($B$3)*10000+MONTH($B$3)*100+DAY($B$3))*1000+15,Data!$W:$W,0),"")
A25: =IF(AND(ISNUMBER($L25),$L25<>""),INDEX(Data!$G:$G,$L25),"") | B25: =IF(AND(ISNUMBER($L25),$L25<>""),IF(INDEX(Data!$I:$I,$L25)="","—",INDEX(Data!$I:$I,$L25)),"") | C25: =IF(AND(ISNUMBER($L25),$L25<>""),INDEX(Data!$J:$J,$L25),"") | D25: =IF(AND(ISNUMBER($L25),$L25<>""),INDEX(Data!$K:$K,$L25),"") | E25: =IF(AND(ISNUMBER($L25),$L25<>""),IF(INDEX(Data!$L:$L,$L25)="","—",INDEX(Data!$L:$L,$L25)),"") | F25: =IF(AND(ISNUMBER($L25),$L25<>""),IF(INDEX(Data!$M:$M,$L25)="","—",INDEX(Data!$M:$M,$L25)),"") | G25: =IF(AND(ISNUMBER($L25),$L25<>""),IF(INDEX(Data!$N:$N,$L25)="","—",INDEX(Data!$N:$N,$L25)),"") | H25: =IF(AND(ISNUMBER($L25),$L25<>""),IF(INDEX(Data!$Q:$Q,$L25)="","—",INDEX(Data!$Q:$Q,$L25)),"") | I25: =IF(AND(ISNUMBER($L25),$L25<>""),INDEX(Data!$E:$E,$L25),"") | J25: =IF(AND(ISNUMBER($L25),$L25<>""),INDEX(Data!$F:$F,$L25),"") | L25: =IFERROR(MATCH((YEAR($B$3)*10000+MONTH($B$3)*100+DAY($B$3))*1000+16,Data!$W:$W,0),"")
A26: =IF(AND(ISNUMBER($L26),$L26<>""),INDEX(Data!$G:$G,$L26),"") | B26: =IF(AND(ISNUMBER($L26),$L26<>""),IF(INDEX(Data!$I:$I,$L26)="","—",INDEX(Data!$I:$I,$L26)),"") | C26: =IF(AND(ISNUMBER($L26),$L26<>""),INDEX(Data!$J:$J,$L26),"") | D26: =IF(AND(ISNUMBER($L26),$L26<>""),INDEX(Data!$K:$K,$L26),"") | E26: =IF(AND(ISNUMBER($L26),$L26<>""),IF(INDEX(Data!$L:$L,$L26)="","—",INDEX(Data!$L:$L,$L26)),"") | F26: =IF(AND(ISNUMBER($L26),$L26<>""),IF(INDEX(Data!$M:$M,$L26)="","—",INDEX(Data!$M:$M,$L26)),"") | G26: =IF(AND(ISNUMBER($L26),$L26<>""),IF(INDEX(Data!$N:$N,$L26)="","—",INDEX(Data!$N:$N,$L26)),"") | H26: =IF(AND(ISNUMBER($L26),$L26<>""),IF(INDEX(Data!$Q:$Q,$L26)="","—",INDEX(Data!$Q:$Q,$L26)),"") | I26: =IF(AND(ISNUMBER($L26),$L26<>""),INDEX(Data!$E:$E,$L26),"") | J26: =IF(AND(ISNUMBER($L26),$L26<>""),INDEX(Data!$F:$F,$L26),"") | L26: =IFERROR(MATCH((YEAR($B$3)*10000+MONTH($B$3)*100+DAY($B$3))*1000+17,Data!$W:$W,0),"")
A27: =IF(AND(ISNUMBER($L27),$L27<>""),INDEX(Data!$G:$G,$L27),"") | B27: =IF(AND(ISNUMBER($L27),$L27<>""),IF(INDEX(Data!$I:$I,$L27)="","—",INDEX(Data!$I:$I,$L27)),"") | C27: =IF(AND(ISNUMBER($L27),$L27<>""),INDEX(Data!$J:$J,$L27),"") | D27: =IF(AND(ISNUMBER($L27),$L27<>""),INDEX(Data!$K:$K,$L27),"") | E27: =IF(AND(ISNUMBER($L27),$L27<>""),IF(INDEX(Data!$L:$L,$L27)="","—",INDEX(Data!$L:$L,$L27)),"") | F27: =IF(AND(ISNUMBER($L27),$L27<>""),IF(INDEX(Data!$M:$M,$L27)="","—",INDEX(Data!$M:$M,$L27)),"") | G27: =IF(AND(ISNUMBER($L27),$L27<>""),IF(INDEX(Data!$N:$N,$L27)="","—",INDEX(Data!$N:$N,$L27)),"") | H27: =IF(AND(ISNUMBER($L27),$L27<>""),IF(INDEX(Data!$Q:$Q,$L27)="","—",INDEX(Data!$Q:$Q,$L27)),"") | I27: =IF(AND(ISNUMBER($L27),$L27<>""),INDEX(Data!$E:$E,$L27),"") | J27: =IF(AND(ISNUMBER($L27),$L27<>""),INDEX(Data!$F:$F,$L27),"") | L27: =IFERROR(MATCH((YEAR($B$3)*10000+MONTH($B$3)*100+DAY($B$3))*1000+18,Data!$W:$W,0),"")
A28: =IF(AND(ISNUMBER($L28),$L28<>""),INDEX(Data!$G:$G,$L28),"") | B28: =IF(AND(ISNUMBER($L28),$L28<>""),IF(INDEX(Data!$I:$I,$L28)="","—",INDEX(Data!$I:$I,$L28)),"") | C28: =IF(AND(ISNUMBER($L28),$L28<>""),INDEX(Data!$J:$J,$L28),"") | D28: =IF(AND(ISNUMBER($L28),$L28<>""),INDEX(Data!$K:$K,$L28),"") | E28: =IF(AND(ISNUMBER($L28),$L28<>""),IF(INDEX(Data!$L:$L,$L28)="","—",INDEX(Data!$L:$L,$L28)),"") | F28: =IF(AND(ISNUMBER($L28),$L28<>""),IF(INDEX(Data!$M:$M,$L28)="","—",INDEX(Data!$M:$M,$L28)),"") | G28: =IF(AND(ISNUMBER($L28),$L28<>""),IF(INDEX(Data!$N:$N,$L28)="","—",INDEX(Data!$N:$N,$L28)),"") | H28: =IF(AND(ISNUMBER($L28),$L28<>""),IF(INDEX(Data!$Q:$Q,$L28)="","—",INDEX(Data!$Q:$Q,$L28)),"") | I28: =IF(AND(ISNUMBER($L28),$L28<>""),INDEX(Data!$E:$E,$L28),"") | J28: =IF(AND(ISNUMBER($L28),$L28<>""),INDEX(Data!$F:$F,$L28),"") | L28: =IFERROR(MATCH((YEAR($B$3)*10000+MONTH($B$3)*100+DAY($B$3))*1000+19,Data!$W:$W,0),"")
A29: =IF(AND(ISNUMBER($L29),$L29<>""),INDEX(Data!$G:$G,$L29),"") | B29: =IF(AND(ISNUMBER($L29),$L29<>""),IF(INDEX(Data!$I:$I,$L29)="","—",INDEX(Data!$I:$I,$L29)),"") | C29: =IF(AND(ISNUMBER($L29),$L29<>""),INDEX(Data!$J:$J,$L29),"") | D29: =IF(AND(ISNUMBER($L29),$L29<>""),INDEX(Data!$K:$K,$L29),"") | E29: =IF(AND(ISNUMBER($L29),$L29<>""),IF(INDEX(Data!$L:$L,$L29)="","—",INDEX(Data!$L:$L,$L29)),"") | F29: =IF(AND(ISNUMBER($L29),$L29<>""),IF(INDEX(Data!$M:$M,$L29)="","—",INDEX(Data!$M:$M,$L29)),"") | G29: =IF(AND(ISNUMBER($L29),$L29<>""),IF(INDEX(Data!$N:$N,$L29)="","—",INDEX(Data!$N:$N,$L29)),"") | H29: =IF(AND(ISNUMBER($L29),$L29<>""),IF(INDEX(Data!$Q:$Q,$L29)="","—",INDEX(Data!$Q:$Q,$L29)),"") | I29: =IF(AND(ISNUMBER($L29),$L29<>""),INDEX(Data!$E:$E,$L29),"") | J29: =IF(AND(ISNUMBER($L29),$L29<>""),INDEX(Data!$F:$F,$L29),"") | L29: =IFERROR(MATCH((YEAR($B$3)*10000+MONTH($B$3)*100+DAY($B$3))*1000+20,Data!$W:$W,0),"")
A30: =IF(AND(ISNUMBER($L30),$L30<>""),INDEX(Data!$G:$G,$L30),"") | B30: =IF(AND(ISNUMBER($L30),$L30<>""),IF(INDEX(Data!$I:$I,$L30)="","—",INDEX(Data!$I:$I,$L30)),"") | C30: =IF(AND(ISNUMBER($L30),$L30<>""),INDEX(Data!$J:$J,$L30),"") | D30: =IF(AND(ISNUMBER($L30),$L30<>""),INDEX(Data!$K:$K,$L30),"") | E30: =IF(AND(ISNUMBER($L30),$L30<>""),IF(INDEX(Data!$L:$L,$L30)="","—",INDEX(Data!$L:$L,$L30)),"") | F30: =IF(AND(ISNUMBER($L30),$L30<>""),IF(INDEX(Data!$M:$M,$L30)="","—",INDEX(Data!$M:$M,$L30)),"") | G30: =IF(AND(ISNUMBER($L30),$L30<>""),IF(INDEX(Data!$N:$N,$L30)="","—",INDEX(Data!$N:$N,$L30)),"") | H30: =IF(AND(ISNUMBER($L30),$L30<>""),IF(INDEX(Data!$Q:$Q,$L30)="","—",INDEX(Data!$Q:$Q,$L30)),"") | I30: =IF(AND(ISNUMBER($L30),$L30<>""),INDEX(Data!$E:$E,$L30),"") | J30: =IF(AND(ISNUMBER($L30),$L30<>""),INDEX(Data!$F:$F,$L30),"") | L30: =IFERROR(MATCH((YEAR($B$3)*10000+MONTH($B$3)*100+DAY($B$3))*1000+21,Data!$W:$W,0),"")
A31: =IF(AND(ISNUMBER($L31),$L31<>""),INDEX(Data!$G:$G,$L31),"") | B31: =IF(AND(ISNUMBER($L31),$L31<>""),IF(INDEX(Data!$I:$I,$L31)="","—",INDEX(Data!$I:$I,$L31)),"") | C31: =IF(AND(ISNUMBER($L31),$L31<>""),INDEX(Data!$J:$J,$L31),"") | D31: =IF(AND(ISNUMBER($L31),$L31<>""),INDEX(Data!$K:$K,$L31),"") | E31: =IF(AND(ISNUMBER($L31),$L31<>""),IF(INDEX(Data!$L:$L,$L31)="","—",INDEX(Data!$L:$L,$L31)),"") | F31: =IF(AND(ISNUMBER($L31),$L31<>""),IF(INDEX(Data!$M:$M,$L31)="","—",INDEX(Data!$M:$M,$L31)),"") | G31: =IF(AND(ISNUMBER($L31),$L31<>""),IF(INDEX(Data!$N:$N,$L31)="","—",INDEX(Data!$N:$N,$L31)),"") | H31: =IF(AND(ISNUMBER($L31),$L31<>""),IF(INDEX(Data!$Q:$Q,$L31)="","—",INDEX(Data!$Q:$Q,$L31)),"") | I31: =IF(AND(ISNUMBER($L31),$L31<>""),INDEX(Data!$E:$E,$L31),"") | J31: =IF(AND(ISNUMBER($L31),$L31<>""),INDEX(Data!$F:$F,$L31),"") | L31: =IFERROR(MATCH((YEAR($B$3)*10000+MONTH($B$3)*100+DAY($B$3))*1000+22,Data!$W:$W,0),"")
A32: =IF(AND(ISNUMBER($L32),$L32<>""),INDEX(Data!$G:$G,$L32),"") | B32: =IF(AND(ISNUMBER($L32),$L32<>""),IF(INDEX(Data!$I:$I,$L32)="","—",INDEX(Data!$I:$I,$L32)),"") | C32: =IF(AND(ISNUMBER($L32),$L32<>""),INDEX(Data!$J:$J,$L32),"") | D32: =IF(AND(ISNUMBER($L32),$L32<>""),INDEX(Data!$K:$K,$L32),"") | E32: =IF(AND(ISNUMBER($L32),$L32<>""),IF(INDEX(Data!$L:$L,$L32)="","—",INDEX(Data!$L:$L,$L32)),"") | F32: =IF(AND(ISNUMBER($L32),$L32<>""),IF(INDEX(Data!$M:$M,$L32)="","—",INDEX(Data!$M:$M,$L32)),"") | G32: =IF(AND(ISNUMBER($L32),$L32<>""),IF(INDEX(Data!$N:$N,$L32)="","—",INDEX(Data!$N:$N,$L32)),"") | H32: =IF(AND(ISNUMBER($L32),$L32<>""),IF(INDEX(Data!$Q:$Q,$L32)="","—",INDEX(Data!$Q:$Q,$L32)),"") | I32: =IF(AND(ISNUMBER($L32),$L32<>""),INDEX(Data!$E:$E,$L32),"") | J32: =IF(AND(ISNUMBER($L32),$L32<>""),INDEX(Data!$F:$F,$L32),"") | L32: =IFERROR(MATCH((YEAR($B$3)*10000+MONTH($B$3)*100+DAY($B$3))*1000+23,Data!$W:$W,0),"")
A33: =IF(AND(ISNUMBER($L33),$L33<>""),INDEX(Data!$G:$G,$L33),"") | B33: =IF(AND(ISNUMBER($L33),$L33<>""),IF(INDEX(Data!$I:$I,$L33)="","—",INDEX(Data!$I:$I,$L33)),"") | C33: =IF(AND(ISNUMBER($L33),$L33<>""),INDEX(Data!$J:$J,$L33),"") | D33: =IF(AND(ISNUMBER($L33),$L33<>""),INDEX(Data!$K:$K,$L33),"") | E33: =IF(AND(ISNUMBER($L33),$L33<>""),IF(INDEX(Data!$L:$L,$L33)="","—",INDEX(Data!$L:$L,$L33)),"") | F33: =IF(AND(ISNUMBER($L33),$L33<>""),IF(INDEX(Data!$M:$M,$L33)="","—",INDEX(Data!$M:$M,$L33)),"") | G33: =IF(AND(ISNUMBER($L33),$L33<>""),IF(INDEX(Data!$N:$N,$L33)="","—",INDEX(Data!$N:$N,$L33)),"") | H33: =IF(AND(ISNUMBER($L33),$L33<>""),IF(INDEX(Data!$Q:$Q,$L33)="","—",INDEX(Data!$Q:$Q,$L33)),"") | I33: =IF(AND(ISNUMBER($L33),$L33<>""),INDEX(Data!$E:$E,$L33),"") | J33: =IF(AND(ISNUMBER($L33),$L33<>""),INDEX(Data!$F:$F,$L33),"") | L33: =IFERROR(MATCH((YEAR($B$3)*10000+MONTH($B$3)*100+DAY($B$3))*1000+24,Data!$W:$W,0),"")
A34: =IF(AND(ISNUMBER($L34),$L34<>""),INDEX(Data!$G:$G,$L34),"") | B34: =IF(AND(ISNUMBER($L34),$L34<>""),IF(INDEX(Data!$I:$I,$L34)="","—",INDEX(Data!$I:$I,$L34)),"") | C34: =IF(AND(ISNUMBER($L34),$L34<>""),INDEX(Data!$J:$J,$L34),"") | D34: =IF(AND(ISNUMBER($L34),$L34<>""),INDEX(Data!$K:$K,$L34),"") | E34: =IF(AND(ISNUMBER($L34),$L34<>""),IF(INDEX(Data!$L:$L,$L34)="","—",INDEX(Data!$L:$L,$L34)),"") | F34: =IF(AND(ISNUMBER($L34),$L34<>""),IF(INDEX(Data!$M:$M,$L34)="","—",INDEX(Data!$M:$M,$L34)),"") | G34: =IF(AND(ISNUMBER($L34),$L34<>""),IF(INDEX(Data!$N:$N,$L34)="","—",INDEX(Data!$N:$N,$L34)),"") | H34: =IF(AND(ISNUMBER($L34),$L34<>""),IF(INDEX(Data!$Q:$Q,$L34)="","—",INDEX(Data!$Q:$Q,$L34)),"") | I34: =IF(AND(ISNUMBER($L34),$L34<>""),INDEX(Data!$E:$E,$L34),"") | J34: =IF(AND(ISNUMBER($L34),$L34<>""),INDEX(Data!$F:$F,$L34),"") | L34: =IFERROR(MATCH((YEAR($B$3)*10000+MONTH($B$3)*100+DAY($B$3))*1000+25,Data!$W:$W,0),"")
A35: =IF(AND(ISNUMBER($L35),$L35<>""),INDEX(Data!$G:$G,$L35),"") | B35: =IF(AND(ISNUMBER($L35),$L35<>""),IF(INDEX(Data!$I:$I,$L35)="","—",INDEX(Data!$I:$I,$L35)),"") | C35: =IF(AND(ISNUMBER($L35),$L35<>""),INDEX(Data!$J:$J,$L35),"") | D35: =IF(AND(ISNUMBER($L35),$L35<>""),INDEX(Data!$K:$K,$L35),"") | E35: =IF(AND(ISNUMBER($L35),$L35<>""),IF(INDEX(Data!$L:$L,$L35)="","—",INDEX(Data!$L:$L,$L35)),"") | F35: =IF(AND(ISNUMBER($L35),$L35<>""),IF(INDEX(Data!$M:$M,$L35)="","—",INDEX(Data!$M:$M,$L35)),"") | G35: =IF(AND(ISNUMBER($L35),$L35<>""),IF(INDEX(Data!$N:$N,$L35)="","—",INDEX(Data!$N:$N,$L35)),"") | H35: =IF(AND(ISNUMBER($L35),$L35<>""),IF(INDEX(Data!$Q:$Q,$L35)="","—",INDEX(Data!$Q:$Q,$L35)),"") | I35: =IF(AND(ISNUMBER($L35),$L35<>""),INDEX(Data!$E:$E,$L35),"") | J35: =IF(AND(ISNUMBER($L35),$L35<>""),INDEX(Data!$F:$F,$L35),"") | L35: =IFERROR(MATCH((YEAR($B$3)*10000+MONTH($B$3)*100+DAY($B$3))*1000+26,Data!$W:$W,0),"")
A36: =IF(AND(ISNUMBER($L36),$L36<>""),INDEX(Data!$G:$G,$L36),"") | B36: =IF(AND(ISNUMBER($L36),$L36<>""),IF(INDEX(Data!$I:$I,$L36)="","—",INDEX(Data!$I:$I,$L36)),"") | C36: =IF(AND(ISNUMBER($L36),$L36<>""),INDEX(Data!$J:$J,$L36),"") | D36: =IF(AND(ISNUMBER($L36),$L36<>""),INDEX(Data!$K:$K,$L36),"") | E36: =IF(AND(ISNUMBER($L36),$L36<>""),IF(INDEX(Data!$L:$L,$L36)="","—",INDEX(Data!$L:$L,$L36)),"") | F36: =IF(AND(ISNUMBER($L36),$L36<>""),IF(INDEX(Data!$M:$M,$L36)="","—",INDEX(Data!$M:$M,$L36)),"") | G36: =IF(AND(ISNUMBER($L36),$L36<>""),IF(INDEX(Data!$N:$N,$L36)="","—",INDEX(Data!$N:$N,$L36)),"") | H36: =IF(AND(ISNUMBER($L36),$L36<>""),IF(INDEX(Data!$Q:$Q,$L36)="","—",INDEX(Data!$Q:$Q,$L36)),"") | I36: =IF(AND(ISNUMBER($L36),$L36<>""),INDEX(Data!$E:$E,$L36),"") | J36: =IF(AND(ISNUMBER($L36),$L36<>""),INDEX(Data!$F:$F,$L36),"") | L36: =IFERROR(MATCH((YEAR($B$3)*10000+MONTH($B$3)*100+DAY($B$3))*1000+27,Data!$W:$W,0),"")
A37: =IF(AND(ISNUMBER($L37),$L37<>""),INDEX(Data!$G:$G,$L37),"") | B37: =IF(AND(ISNUMBER($L37),$L37<>""),IF(INDEX(Data!$I:$I,$L37)="","—",INDEX(Data!$I:$I,$L37)),"") | C37: =IF(AND(ISNUMBER($L37),$L37<>""),INDEX(Data!$J:$J,$L37),"") | D37: =IF(AND(ISNUMBER($L37),$L37<>""),INDEX(Data!$K:$K,$L37),"") | E37: =IF(AND(ISNUMBER($L37),$L37<>""),IF(INDEX(Data!$L:$L,$L37)="","—",INDEX(Data!$L:$L,$L37)),"") | F37: =IF(AND(ISNUMBER($L37),$L37<>""),IF(INDEX(Data!$M:$M,$L37)="","—",INDEX(Data!$M:$M,$L37)),"") | G37: =IF(AND(ISNUMBER($L37),$L37<>""),IF(INDEX(Data!$N:$N,$L37)="","—",INDEX(Data!$N:$N,$L37)),"") | H37: =IF(AND(ISNUMBER($L37),$L37<>""),IF(INDEX(Data!$Q:$Q,$L37)="","—",INDEX(Data!$Q:$Q,$L37)),"") | I37: =IF(AND(ISNUMBER($L37),$L37<>""),INDEX(Data!$E:$E,$L37),"") | J37: =IF(AND(ISNUMBER($L37),$L37<>""),INDEX(Data!$F:$F,$L37),"") | L37: =IFERROR(MATCH((YEAR($B$3)*10000+MONTH($B$3)*100+DAY($B$3))*1000+28,Data!$W:$W,0),"")
A38: =IF(AND(ISNUMBER($L38),$L38<>""),INDEX(Data!$G:$G,$L38),"") | B38: =IF(AND(ISNUMBER($L38),$L38<>""),IF(INDEX(Data!$I:$I,$L38)="","—",INDEX(Data!$I:$I,$L38)),"") | C38: =IF(AND(ISNUMBER($L38),$L38<>""),INDEX(Data!$J:$J,$L38),"") | D38: =IF(AND(ISNUMBER($L38),$L38<>""),INDEX(Data!$K:$K,$L38),"") | E38: =IF(AND(ISNUMBER($L38),$L38<>""),IF(INDEX(Data!$L:$L,$L38)="","—",INDEX(Data!$L:$L,$L38)),"") | F38: =IF(AND(ISNUMBER($L38),$L38<>""),IF(INDEX(Data!$M:$M,$L38)="","—",INDEX(Data!$M:$M,$L38)),"") | G38: =IF(AND(ISNUMBER($L38),$L38<>""),IF(INDEX(Data!$N:$N,$L38)="","—",INDEX(Data!$N:$N,$L38)),"") | H38: =IF(AND(ISNUMBER($L38),$L38<>""),IF(INDEX(Data!$Q:$Q,$L38)="","—",INDEX(Data!$Q:$Q,$L38)),"") | I38: =IF(AND(ISNUMBER($L38),$L38<>""),INDEX(Data!$E:$E,$L38),"") | J38: =IF(AND(ISNUMBER($L38),$L38<>""),INDEX(Data!$F:$F,$L38),"") | L38: =IFERROR(MATCH((YEAR($B$3)*10000+MONTH($B$3)*100+DAY($B$3))*1000+29,Data!$W:$W,0),"")
A39: =IF(AND(ISNUMBER($L39),$L39<>""),INDEX(Data!$G:$G,$L39),"") | B39: =IF(AND(ISNUMBER($L39),$L39<>""),IF(INDEX(Data!$I:$I,$L39)="","—",INDEX(Data!$I:$I,$L39)),"") | C39: =IF(AND(ISNUMBER($L39),$L39<>""),INDEX(Data!$J:$J,$L39),"") | D39: =IF(AND(ISNUMBER($L39),$L39<>""),INDEX(Data!$K:$K,$L39),"") | E39: =IF(AND(ISNUMBER($L39),$L39<>""),IF(INDEX(Data!$L:$L,$L39)="","—",INDEX(Data!$L:$L,$L39)),"") | F39: =IF(AND(ISNUMBER($L39),$L39<>""),IF(INDEX(Data!$M:$M,$L39)="","—",INDEX(Data!$M:$M,$L39)),"") | G39: =IF(AND(ISNUMBER($L39),$L39<>""),IF(INDEX(Data!$N:$N,$L39)="","—",INDEX(Data!$N:$N,$L39)),"") | H39: =IF(AND(ISNUMBER($L39),$L39<>""),IF(INDEX(Data!$Q:$Q,$L39)="","—",INDEX(Data!$Q:$Q,$L39)),"") | I39: =IF(AND(ISNUMBER($L39),$L39<>""),INDEX(Data!$E:$E,$L39),"") | J39: =IF(AND(ISNUMBER($L39),$L39<>""),INDEX(Data!$F:$F,$L39),"") | L39: =IFERROR(MATCH((YEAR($B$3)*10000+MONTH($B$3)*100+DAY($B$3))*1000+30,Data!$W:$W,0),"")
A40: =IF(AND(ISNUMBER($L40),$L40<>""),INDEX(Data!$G:$G,$L40),"") | B40: =IF(AND(ISNUMBER($L40),$L40<>""),IF(INDEX(Data!$I:$I,$L40)="","—",INDEX(Data!$I:$I,$L40)),"") | C40: =IF(AND(ISNUMBER($L40),$L40<>""),INDEX(Data!$J:$J,$L40),"") | D40: =IF(AND(ISNUMBER($L40),$L40<>""),INDEX(Data!$K:$K,$L40),"") | E40: =IF(AND(ISNUMBER($L40),$L40<>""),IF(INDEX(Data!$L:$L,$L40)="","—",INDEX(Data!$L:$L,$L40)),"") | F40: =IF(AND(ISNUMBER($L40),$L40<>""),IF(INDEX(Data!$M:$M,$L40)="","—",INDEX(Data!$M:$M,$L40)),"") | G40: =IF(AND(ISNUMBER($L40),$L40<>""),IF(INDEX(Data!$N:$N,$L40)="","—",INDEX(Data!$N:$N,$L40)),"") | H40: =IF(AND(ISNUMBER($L40),$L40<>""),IF(INDEX(Data!$Q:$Q,$L40)="","—",INDEX(Data!$Q:$Q,$L40)),"") | I40: =IF(AND(ISNUMBER($L40),$L40<>""),INDEX(Data!$E:$E,$L40),"") | J40: =IF(AND(ISNUMBER($L40),$L40<>""),INDEX(Data!$F:$F,$L40),"") | L40: =IFERROR(MATCH((YEAR($B$3)*10000+MONTH($B$3)*100+DAY($B$3))*1000+31,Data!$W:$W,0),"")
A41: =IF(AND(ISNUMBER($L41),$L41<>""),INDEX(Data!$G:$G,$L41),"") | B41: =IF(AND(ISNUMBER($L41),$L41<>""),IF(INDEX(Data!$I:$I,$L41)="","—",INDEX(Data!$I:$I,$L41)),"") | C41: =IF(AND(ISNUMBER($L41),$L41<>""),INDEX(Data!$J:$J,$L41),"") | D41: =IF(AND(ISNUMBER($L41),$L41<>""),INDEX(Data!$K:$K,$L41),"") | E41: =IF(AND(ISNUMBER($L41),$L41<>""),IF(INDEX(Data!$L:$L,$L41)="","—",INDEX(Data!$L:$L,$L41)),"") | F41: =IF(AND(ISNUMBER($L41),$L41<>""),IF(INDEX(Data!$M:$M,$L41)="","—",INDEX(Data!$M:$M,$L41)),"") | G41: =IF(AND(ISNUMBER($L41),$L41<>""),IF(INDEX(Data!$N:$N,$L41)="","—",INDEX(Data!$N:$N,$L41)),"") | H41: =IF(AND(ISNUMBER($L41),$L41<>""),IF(INDEX(Data!$Q:$Q,$L41)="","—",INDEX(Data!$Q:$Q,$L41)),"") | I41: =IF(AND(ISNUMBER($L41),$L41<>""),INDEX(Data!$E:$E,$L41),"") | J41: =IF(AND(ISNUMBER($L41),$L41<>""),INDEX(Data!$F:$F,$L41),"") | L41: =IFERROR(MATCH((YEAR($B$3)*10000+MONTH($B$3)*100+DAY($B$3))*1000+32,Data!$W:$W,0),"")
A42: =IF(AND(ISNUMBER($L42),$L42<>""),INDEX(Data!$G:$G,$L42),"") | B42: =IF(AND(ISNUMBER($L42),$L42<>""),IF(INDEX(Data!$I:$I,$L42)="","—",INDEX(Data!$I:$I,$L42)),"") | C42: =IF(AND(ISNUMBER($L42),$L42<>""),INDEX(Data!$J:$J,$L42),"") | D42: =IF(AND(ISNUMBER($L42),$L42<>""),INDEX(Data!$K:$K,$L42),"") | E42: =IF(AND(ISNUMBER($L42),$L42<>""),IF(INDEX(Data!$L:$L,$L42)="","—",INDEX(Data!$L:$L,$L42)),"") | F42: =IF(AND(ISNUMBER($L42),$L42<>""),IF(INDEX(Data!$M:$M,$L42)="","—",INDEX(Data!$M:$M,$L42)),"") | G42: =IF(AND(ISNUMBER($L42),$L42<>""),IF(INDEX(Data!$N:$N,$L42)="","—",INDEX(Data!$N:$N,$L42)),"") | H42: =IF(AND(ISNUMBER($L42),$L42<>""),IF(INDEX(Data!$Q:$Q,$L42)="","—",INDEX(Data!$Q:$Q,$L42)),"") | I42: =IF(AND(ISNUMBER($L42),$L42<>""),INDEX(Data!$E:$E,$L42),"") | J42: =IF(AND(ISNUMBER($L42),$L42<>""),INDEX(Data!$F:$F,$L42),"") | L42: =IFERROR(MATCH((YEAR($B$3)*10000+MONTH($B$3)*100+DAY($B$3))*1000+33,Data!$W:$W,0),"")
A43: =IF(AND(ISNUMBER($L43),$L43<>""),INDEX(Data!$G:$G,$L43),"") | B43: =IF(AND(ISNUMBER($L43),$L43<>""),IF(INDEX(Data!$I:$I,$L43)="","—",INDEX(Data!$I:$I,$L43)),"") | C43: =IF(AND(ISNUMBER($L43),$L43<>""),INDEX(Data!$J:$J,$L43),"") | D43: =IF(AND(ISNUMBER($L43),$L43<>""),INDEX(Data!$K:$K,$L43),"") | E43: =IF(AND(ISNUMBER($L43),$L43<>""),IF(INDEX(Data!$L:$L,$L43)="","—",INDEX(Data!$L:$L,$L43)),"") | F43: =IF(AND(ISNUMBER($L43),$L43<>""),IF(INDEX(Data!$M:$M,$L43)="","—",INDEX(Data!$M:$M,$L43)),"") | G43: =IF(AND(ISNUMBER($L43),$L43<>""),IF(INDEX(Data!$N:$N,$L43)="","—",INDEX(Data!$N:$N,$L43)),"") | H43: =IF(AND(ISNUMBER($L43),$L43<>""),IF(INDEX(Data!$Q:$Q,$L43)="","—",INDEX(Data!$Q:$Q,$L43)),"") | I43: =IF(AND(ISNUMBER($L43),$L43<>""),INDEX(Data!$E:$E,$L43),"") | J43: =IF(AND(ISNUMBER($L43),$L43<>""),INDEX(Data!$F:$F,$L43),"") | L43: =IFERROR(MATCH((YEAR($B$3)*10000+MONTH($B$3)*100+DAY($B$3))*1000+34,Data!$W:$W,0),"")
A44: =IF(AND(ISNUMBER($L44),$L44<>""),INDEX(Data!$G:$G,$L44),"") | B44: =IF(AND(ISNUMBER($L44),$L44<>""),IF(INDEX(Data!$I:$I,$L44)="","—",INDEX(Data!$I:$I,$L44)),"") | C44: =IF(AND(ISNUMBER($L44),$L44<>""),INDEX(Data!$J:$J,$L44),"") | D44: =IF(AND(ISNUMBER($L44),$L44<>""),INDEX(Data!$K:$K,$L44),"") | E44: =IF(AND(ISNUMBER($L44),$L44<>""),IF(INDEX(Data!$L:$L,$L44)="","—",INDEX(Data!$L:$L,$L44)),"") | F44: =IF(AND(ISNUMBER($L44),$L44<>""),IF(INDEX(Data!$M:$M,$L44)="","—",INDEX(Data!$M:$M,$L44)),"") | G44: =IF(AND(ISNUMBER($L44),$L44<>""),IF(INDEX(Data!$N:$N,$L44)="","—",INDEX(Data!$N:$N,$L44)),"") | H44: =IF(AND(ISNUMBER($L44),$L44<>""),IF(INDEX(Data!$Q:$Q,$L44)="","—",INDEX(Data!$Q:$Q,$L44)),"") | I44: =IF(AND(ISNUMBER($L44),$L44<>""),INDEX(Data!$E:$E,$L44),"") | J44: =IF(AND(ISNUMBER($L44),$L44<>""),INDEX(Data!$F:$F,$L44),"") | L44: =IFERROR(MATCH((YEAR($B$3)*10000+MONTH($B$3)*100+DAY($B$3))*1000+35,Data!$W:$W,0),"")
A45: =IF(AND(ISNUMBER($L45),$L45<>""),INDEX(Data!$G:$G,$L45),"") | B45: =IF(AND(ISNUMBER($L45),$L45<>""),IF(INDEX(Data!$I:$I,$L45)="","—",INDEX(Data!$I:$I,$L45)),"") | C45: =IF(AND(ISNUMBER($L45),$L45<>""),INDEX(Data!$J:$J,$L45),"") | D45: =IF(AND(ISNUMBER($L45),$L45<>""),INDEX(Data!$K:$K,$L45),"") | E45: =IF(AND(ISNUMBER($L45),$L45<>""),IF(INDEX(Data!$L:$L,$L45)="","—",INDEX(Data!$L:$L,$L45)),"") | F45: =IF(AND(ISNUMBER($L45),$L45<>""),IF(INDEX(Data!$M:$M,$L45)="","—",INDEX(Data!$M:$M,$L45)),"") | G45: =IF(AND(ISNUMBER($L45),$L45<>""),IF(INDEX(Data!$N:$N,$L45)="","—",INDEX(Data!$N:$N,$L45)),"") | H45: =IF(AND(ISNUMBER($L45),$L45<>""),IF(INDEX(Data!$Q:$Q,$L45)="","—",INDEX(Data!$Q:$Q,$L45)),"") | I45: =IF(AND(ISNUMBER($L45),$L45<>""),INDEX(Data!$E:$E,$L45),"") | J45: =IF(AND(ISNUMBER($L45),$L45<>""),INDEX(Data!$F:$F,$L45),"") | L45: =IFERROR(MATCH((YEAR($B$3)*10000+MONTH($B$3)*100+DAY($B$3))*1000+36,Data!$W:$W,0),"")
A46: =IF(AND(ISNUMBER($L46),$L46<>""),INDEX(Data!$G:$G,$L46),"") | B46: =IF(AND(ISNUMBER($L46),$L46<>""),IF(INDEX(Data!$I:$I,$L46)="","—",INDEX(Data!$I:$I,$L46)),"") | C46: =IF(AND(ISNUMBER($L46),$L46<>""),INDEX(Data!$J:$J,$L46),"") | D46: =IF(AND(ISNUMBER($L46),$L46<>""),INDEX(Data!$K:$K,$L46),"") | E46: =IF(AND(ISNUMBER($L46),$L46<>""),IF(INDEX(Data!$L:$L,$L46)="","—",INDEX(Data!$L:$L,$L46)),"") | F46: =IF(AND(ISNUMBER($L46),$L46<>""),IF(INDEX(Data!$M:$M,$L46)="","—",INDEX(Data!$M:$M,$L46)),"") | G46: =IF(AND(ISNUMBER($L46),$L46<>""),IF(INDEX(Data!$N:$N,$L46)="","—",INDEX(Data!$N:$N,$L46)),"") | H46: =IF(AND(ISNUMBER($L46),$L46<>""),IF(INDEX(Data!$Q:$Q,$L46)="","—",INDEX(Data!$Q:$Q,$L46)),"") | I46: =IF(AND(ISNUMBER($L46),$L46<>""),INDEX(Data!$E:$E,$L46),"") | J46: =IF(AND(ISNUMBER($L46),$L46<>""),INDEX(Data!$F:$F,$L46),"") | L46: =IFERROR(MATCH((YEAR($B$3)*10000+MONTH($B$3)*100+DAY($B$3))*1000+37,Data!$W:$W,0),"")
A47: =IF(AND(ISNUMBER($L47),$L47<>""),INDEX(Data!$G:$G,$L47),"") | B47: =IF(AND(ISNUMBER($L47),$L47<>""),IF(INDEX(Data!$I:$I,$L47)="","—",INDEX(Data!$I:$I,$L47)),"") | C47: =IF(AND(ISNUMBER($L47),$L47<>""),INDEX(Data!$J:$J,$L47),"") | D47: =IF(AND(ISNUMBER($L47),$L47<>""),INDEX(Data!$K:$K,$L47),"") | E47: =IF(AND(ISNUMBER($L47),$L47<>""),IF(INDEX(Data!$L:$L,$L47)="","—",INDEX(Data!$L:$L,$L47)),"") | F47: =IF(AND(ISNUMBER($L47),$L47<>""),IF(INDEX(Data!$M:$M,$L47)="","—",INDEX(Data!$M:$M,$L47)),"") | G47: =IF(AND(ISNUMBER($L47),$L47<>""),IF(INDEX(Data!$N:$N,$L47)="","—",INDEX(Data!$N:$N,$L47)),"") | H47: =IF(AND(ISNUMBER($L47),$L47<>""),IF(INDEX(Data!$Q:$Q,$L47)="","—",INDEX(Data!$Q:$Q,$L47)),"") | I47: =IF(AND(ISNUMBER($L47),$L47<>""),INDEX(Data!$E:$E,$L47),"") | J47: =IF(AND(ISNUMBER($L47),$L47<>""),INDEX(Data!$F:$F,$L47),"") | L47: =IFERROR(MATCH((YEAR($B$3)*10000+MONTH($B$3)*100+DAY($B$3))*1000+38,Data!$W:$W,0),"")
A48: =IF(AND(ISNUMBER($L48),$L48<>""),INDEX(Data!$G:$G,$L48),"") | B48: =IF(AND(ISNUMBER($L48),$L48<>""),IF(INDEX(Data!$I:$I,$L48)="","—",INDEX(Data!$I:$I,$L48)),"") | C48: =IF(AND(ISNUMBER($L48),$L48<>""),INDEX(Data!$J:$J,$L48),"") | D48: =IF(AND(ISNUMBER($L48),$L48<>""),INDEX(Data!$K:$K,$L48),"") | E48: =IF(AND(ISNUMBER($L48),$L48<>""),IF(INDEX(Data!$L:$L,$L48)="","—",INDEX(Data!$L:$L,$L48)),"") | F48: =IF(AND(ISNUMBER($L48),$L48<>""),IF(INDEX(Data!$M:$M,$L48)="","—",INDEX(Data!$M:$M,$L48)),"") | G48: =IF(AND(ISNUMBER($L48),$L48<>""),IF(INDEX(Data!$N:$N,$L48)="","—",INDEX(Data!$N:$N,$L48)),"") | H48: =IF(AND(ISNUMBER($L48),$L48<>""),IF(INDEX(Data!$Q:$Q,$L48)="","—",INDEX(Data!$Q:$Q,$L48)),"") | I48: =IF(AND(ISNUMBER($L48),$L48<>""),INDEX(Data!$E:$E,$L48),"") | J48: =IF(AND(ISNUMBER($L48),$L48<>""),INDEX(Data!$F:$F,$L48),"") | L48: =IFERROR(MATCH((YEAR($B$3)*10000+MONTH($B$3)*100+DAY($B$3))*1000+39,Data!$W:$W,0),"")
A49: =IF(AND(ISNUMBER($L49),$L49<>""),INDEX(Data!$G:$G,$L49),"") | B49: =IF(AND(ISNUMBER($L49),$L49<>""),IF(INDEX(Data!$I:$I,$L49)="","—",INDEX(Data!$I:$I,$L49)),"") | C49: =IF(AND(ISNUMBER($L49),$L49<>""),INDEX(Data!$J:$J,$L49),"") | D49: =IF(AND(ISNUMBER($L49),$L49<>""),INDEX(Data!$K:$K,$L49),"") | E49: =IF(AND(ISNUMBER($L49),$L49<>""),IF(INDEX(Data!$L:$L,$L49)="","—",INDEX(Data!$L:$L,$L49)),"") | F49: =IF(AND(ISNUMBER($L49),$L49<>""),IF(INDEX(Data!$M:$M,$L49)="","—",INDEX(Data!$M:$M,$L49)),"") | G49: =IF(AND(ISNUMBER($L49),$L49<>""),IF(INDEX(Data!$N:$N,$L49)="","—",INDEX(Data!$N:$N,$L49)),"") | H49: =IF(AND(ISNUMBER($L49),$L49<>""),IF(INDEX(Data!$Q:$Q,$L49)="","—",INDEX(Data!$Q:$Q,$L49)),"") | I49: =IF(AND(ISNUMBER($L49),$L49<>""),INDEX(Data!$E:$E,$L49),"") | J49: =IF(AND(ISNUMBER($L49),$L49<>""),INDEX(Data!$F:$F,$L49),"") | L49: =IFERROR(MATCH((YEAR($B$3)*10000+MONTH($B$3)*100+DAY($B$3))*1000+40,Data!$W:$W,0),"")
A50: =IF(AND(ISNUMBER($L50),$L50<>""),INDEX(Data!$G:$G,$L50),"") | B50: =IF(AND(ISNUMBER($L50),$L50<>""),IF(INDEX(Data!$I:$I,$L50)="","—",INDEX(Data!$I:$I,$L50)),"") | C50: =IF(AND(ISNUMBER($L50),$L50<>""),INDEX(Data!$J:$J,$L50),"") | D50: =IF(AND(ISNUMBER($L50),$L50<>""),INDEX(Data!$K:$K,$L50),"") | E50: =IF(AND(ISNUMBER($L50),$L50<>""),IF(INDEX(Data!$L:$L,$L50)="","—",INDEX(Data!$L:$L,$L50)),"") | F50: =IF(AND(ISNUMBER($L50),$L50<>""),IF(INDEX(Data!$M:$M,$L50)="","—",INDEX(Data!$M:$M,$L50)),"") | G50: =IF(AND(ISNUMBER($L50),$L50<>""),IF(INDEX(Data!$N:$N,$L50)="","—",INDEX(Data!$N:$N,$L50)),"") | H50: =IF(AND(ISNUMBER($L50),$L50<>""),IF(INDEX(Data!$Q:$Q,$L50)="","—",INDEX(Data!$Q:$Q,$L50)),"") | I50: =IF(AND(ISNUMBER($L50),$L50<>""),INDEX(Data!$E:$E,$L50),"") | J50: =IF(AND(ISNUMBER($L50),$L50<>""),INDEX(Data!$F:$F,$L50),"") | L50: =IFERROR(MATCH((YEAR($B$3)*10000+MONTH($B$3)*100+DAY($B$3))*1000+41,Data!$W:$W,0),"")
A51: =IF(AND(ISNUMBER($L51),$L51<>""),INDEX(Data!$G:$G,$L51),"") | B51: =IF(AND(ISNUMBER($L51),$L51<>""),IF(INDEX(Data!$I:$I,$L51)="","—",INDEX(Data!$I:$I,$L51)),"") | C51: =IF(AND(ISNUMBER($L51),$L51<>""),INDEX(Data!$J:$J,$L51),"") | D51: =IF(AND(ISNUMBER($L51),$L51<>""),INDEX(Data!$K:$K,$L51),"") | E51: =IF(AND(ISNUMBER($L51),$L51<>""),IF(INDEX(Data!$L:$L,$L51)="","—",INDEX(Data!$L:$L,$L51)),"") | F51: =IF(AND(ISNUMBER($L51),$L51<>""),IF(INDEX(Data!$M:$M,$L51)="","—",INDEX(Data!$M:$M,$L51)),"") | G51: =IF(AND(ISNUMBER($L51),$L51<>""),IF(INDEX(Data!$N:$N,$L51)="","—",INDEX(Data!$N:$N,$L51)),"") | H51: =IF(AND(ISNUMBER($L51),$L51<>""),IF(INDEX(Data!$Q:$Q,$L51)="","—",INDEX(Data!$Q:$Q,$L51)),"") | I51: =IF(AND(ISNUMBER($L51),$L51<>""),INDEX(Data!$E:$E,$L51),"") | J51: =IF(AND(ISNUMBER($L51),$L51<>""),INDEX(Data!$F:$F,$L51),"") | L51: =IFERROR(MATCH((YEAR($B$3)*10000+MONTH($B$3)*100+DAY($B$3))*1000+42,Data!$W:$W,0),"")
A52: =IF(AND(ISNUMBER($L52),$L52<>""),INDEX(Data!$G:$G,$L52),"") | B52: =IF(AND(ISNUMBER($L52),$L52<>""),IF(INDEX(Data!$I:$I,$L52)="","—",INDEX(Data!$I:$I,$L52)),"") | C52: =IF(AND(ISNUMBER($L52),$L52<>""),INDEX(Data!$J:$J,$L52),"") | D52: =IF(AND(ISNUMBER($L52),$L52<>""),INDEX(Data!$K:$K,$L52),"") | E52: =IF(AND(ISNUMBER($L52),$L52<>""),IF(INDEX(Data!$L:$L,$L52)="","—",INDEX(Data!$L:$L,$L52)),"") | F52: =IF(AND(ISNUMBER($L52),$L52<>""),IF(INDEX(Data!$M:$M,$L52)="","—",INDEX(Data!$M:$M,$L52)),"") | G52: =IF(AND(ISNUMBER($L52),$L52<>""),IF(INDEX(Data!$N:$N,$L52)="","—",INDEX(Data!$N:$N,$L52)),"") | H52: =IF(AND(ISNUMBER($L52),$L52<>""),IF(INDEX(Data!$Q:$Q,$L52)="","—",INDEX(Data!$Q:$Q,$L52)),"") | I52: =IF(AND(ISNUMBER($L52),$L52<>""),INDEX(Data!$E:$E,$L52),"") | J52: =IF(AND(ISNUMBER($L52),$L52<>""),INDEX(Data!$F:$F,$L52),"") | L52: =IFERROR(MATCH((YEAR($B$3)*10000+MONTH($B$3)*100+DAY($B$3))*1000+43,Data!$W:$W,0),"")
A53: =IF(AND(ISNUMBER($L53),$L53<>""),INDEX(Data!$G:$G,$L53),"") | B53: =IF(AND(ISNUMBER($L53),$L53<>""),IF(INDEX(Data!$I:$I,$L53)="","—",INDEX(Data!$I:$I,$L53)),"") | C53: =IF(AND(ISNUMBER($L53),$L53<>""),INDEX(Data!$J:$J,$L53),"") | D53: =IF(AND(ISNUMBER($L53),$L53<>""),INDEX(Data!$K:$K,$L53),"") | E53: =IF(AND(ISNUMBER($L53),$L53<>""),IF(INDEX(Data!$L:$L,$L53)="","—",INDEX(Data!$L:$L,$L53)),"") | F53: =IF(AND(ISNUMBER($L53),$L53<>""),IF(INDEX(Data!$M:$M,$L53)="","—",INDEX(Data!$M:$M,$L53)),"") | G53: =IF(AND(ISNUMBER($L53),$L53<>""),IF(INDEX(Data!$N:$N,$L53)="","—",INDEX(Data!$N:$N,$L53)),"") | H53: =IF(AND(ISNUMBER($L53),$L53<>""),IF(INDEX(Data!$Q:$Q,$L53)="","—",INDEX(Data!$Q:$Q,$L53)),"") | I53: =IF(AND(ISNUMBER($L53),$L53<>""),INDEX(Data!$E:$E,$L53),"") | J53: =IF(AND(ISNUMBER($L53),$L53<>""),INDEX(Data!$F:$F,$L53),"") | L53: =IFERROR(MATCH((YEAR($B$3)*10000+MONTH($B$3)*100+DAY($B$3))*1000+44,Data!$W:$W,0),"")
A54: =IF(AND(ISNUMBER($L54),$L54<>""),INDEX(Data!$G:$G,$L54),"") | B54: =IF(AND(ISNUMBER($L54),$L54<>""),IF(INDEX(Data!$I:$I,$L54)="","—",INDEX(Data!$I:$I,$L54)),"") | C54: =IF(AND(ISNUMBER($L54),$L54<>""),INDEX(Data!$J:$J,$L54),"") | D54: =IF(AND(ISNUMBER($L54),$L54<>""),INDEX(Data!$K:$K,$L54),"") | E54: =IF(AND(ISNUMBER($L54),$L54<>""),IF(INDEX(Data!$L:$L,$L54)="","—",INDEX(Data!$L:$L,$L54)),"") | F54: =IF(AND(ISNUMBER($L54),$L54<>""),IF(INDEX(Data!$M:$M,$L54)="","—",INDEX(Data!$M:$M,$L54)),"") | G54: =IF(AND(ISNUMBER($L54),$L54<>""),IF(INDEX(Data!$N:$N,$L54)="","—",INDEX(Data!$N:$N,$L54)),"") | H54: =IF(AND(ISNUMBER($L54),$L54<>""),IF(INDEX(Data!$Q:$Q,$L54)="","—",INDEX(Data!$Q:$Q,$L54)),"") | I54: =IF(AND(ISNUMBER($L54),$L54<>""),INDEX(Data!$E:$E,$L54),"") | J54: =IF(AND(ISNUMBER($L54),$L54<>""),INDEX(Data!$F:$F,$L54),"") | L54: =IFERROR(MATCH((YEAR($B$3)*10000+MONTH($B$3)*100+DAY($B$3))*1000+45,Data!$W:$W,0),"")
A55: =IF(AND(ISNUMBER($L55),$L55<>""),INDEX(Data!$G:$G,$L55),"") | B55: =IF(AND(ISNUMBER($L55),$L55<>""),IF(INDEX(Data!$I:$I,$L55)="","—",INDEX(Data!$I:$I,$L55)),"") | C55: =IF(AND(ISNUMBER($L55),$L55<>""),INDEX(Data!$J:$J,$L55),"") | D55: =IF(AND(ISNUMBER($L55),$L55<>""),INDEX(Data!$K:$K,$L55),"") | E55: =IF(AND(ISNUMBER($L55),$L55<>""),IF(INDEX(Data!$L:$L,$L55)="","—",INDEX(Data!$L:$L,$L55)),"") | F55: =IF(AND(ISNUMBER($L55),$L55<>""),IF(INDEX(Data!$M:$M,$L55)="","—",INDEX(Data!$M:$M,$L55)),"") | G55: =IF(AND(ISNUMBER($L55),$L55<>""),IF(INDEX(Data!$N:$N,$L55)="","—",INDEX(Data!$N:$N,$L55)),"") | H55: =IF(AND(ISNUMBER($L55),$L55<>""),IF(INDEX(Data!$Q:$Q,$L55)="","—",INDEX(Data!$Q:$Q,$L55)),"") | I55: =IF(AND(ISNUMBER($L55),$L55<>""),INDEX(Data!$E:$E,$L55),"") | J55: =IF(AND(ISNUMBER($L55),$L55<>""),INDEX(Data!$F:$F,$L55),"") | L55: =IFERROR(MATCH((YEAR($B$3)*10000+MONTH($B$3)*100+DAY($B$3))*1000+46,Data!$W:$W,0),"")
A56: =IF(AND(ISNUMBER($L56),$L56<>""),INDEX(Data!$G:$G,$L56),"") | B56: =IF(AND(ISNUMBER($L56),$L56<>""),IF(INDEX(Data!$I:$I,$L56)="","—",INDEX(Data!$I:$I,$L56)),"") | C56: =IF(AND(ISNUMBER($L56),$L56<>""),INDEX(Data!$J:$J,$L56),"") | D56: =IF(AND(ISNUMBER($L56),$L56<>""),INDEX(Data!$K:$K,$L56),"") | E56: =IF(AND(ISNUMBER($L56),$L56<>""),IF(INDEX(Data!$L:$L,$L56)="","—",INDEX(Data!$L:$L,$L56)),"") | F56: =IF(AND(ISNUMBER($L56),$L56<>""),IF(INDEX(Data!$M:$M,$L56)="","—",INDEX(Data!$M:$M,$L56)),"") | G56: =IF(AND(ISNUMBER($L56),$L56<>""),IF(INDEX(Data!$N:$N,$L56)="","—",INDEX(Data!$N:$N,$L56)),"") | H56: =IF(AND(ISNUMBER($L56),$L56<>""),IF(INDEX(Data!$Q:$Q,$L56)="","—",INDEX(Data!$Q:$Q,$L56)),"") | I56: =IF(AND(ISNUMBER($L56),$L56<>""),INDEX(Data!$E:$E,$L56),"") | J56: =IF(AND(ISNUMBER($L56),$L56<>""),INDEX(Data!$F:$F,$L56),"") | L56: =IFERROR(MATCH((YEAR($B$3)*10000+MONTH($B$3)*100+DAY($B$3))*1000+47,Data!$W:$W,0),"")
A57: =IF(AND(ISNUMBER($L57),$L57<>""),INDEX(Data!$G:$G,$L57),"") | B57: =IF(AND(ISNUMBER($L57),$L57<>""),IF(INDEX(Data!$I:$I,$L57)="","—",INDEX(Data!$I:$I,$L57)),"") | C57: =IF(AND(ISNUMBER($L57),$L57<>""),INDEX(Data!$J:$J,$L57),"") | D57: =IF(AND(ISNUMBER($L57),$L57<>""),INDEX(Data!$K:$K,$L57),"") | E57: =IF(AND(ISNUMBER($L57),$L57<>""),IF(INDEX(Data!$L:$L,$L57)="","—",INDEX(Data!$L:$L,$L57)),"") | F57: =IF(AND(ISNUMBER($L57),$L57<>""),IF(INDEX(Data!$M:$M,$L57)="","—",INDEX(Data!$M:$M,$L57)),"") | G57: =IF(AND(ISNUMBER($L57),$L57<>""),IF(INDEX(Data!$N:$N,$L57)="","—",INDEX(Data!$N:$N,$L57)),"") | H57: =IF(AND(ISNUMBER($L57),$L57<>""),IF(INDEX(Data!$Q:$Q,$L57)="","—",INDEX(Data!$Q:$Q,$L57)),"") | I57: =IF(AND(ISNUMBER($L57),$L57<>""),INDEX(Data!$E:$E,$L57),"") | J57: =IF(AND(ISNUMBER($L57),$L57<>""),INDEX(Data!$F:$F,$L57),"") | L57: =IFERROR(MATCH((YEAR($B$3)*10000+MONTH($B$3)*100+DAY($B$3))*1000+48,Data!$W:$W,0),"")
A58: =IF(AND(ISNUMBER($L58),$L58<>""),INDEX(Data!$G:$G,$L58),"") | B58: =IF(AND(ISNUMBER($L58),$L58<>""),IF(INDEX(Data!$I:$I,$L58)="","—",INDEX(Data!$I:$I,$L58)),"") | C58: =IF(AND(ISNUMBER($L58),$L58<>""),INDEX(Data!$J:$J,$L58),"") | D58: =IF(AND(ISNUMBER($L58),$L58<>""),INDEX(Data!$K:$K,$L58),"") | E58: =IF(AND(ISNUMBER($L58),$L58<>""),IF(INDEX(Data!$L:$L,$L58)="","—",INDEX(Data!$L:$L,$L58)),"") | F58: =IF(AND(ISNUMBER($L58),$L58<>""),IF(INDEX(Data!$M:$M,$L58)="","—",INDEX(Data!$M:$M,$L58)),"") | G58: =IF(AND(ISNUMBER($L58),$L58<>""),IF(INDEX(Data!$N:$N,$L58)="","—",INDEX(Data!$N:$N,$L58)),"") | H58: =IF(AND(ISNUMBER($L58),$L58<>""),IF(INDEX(Data!$Q:$Q,$L58)="","—",INDEX(Data!$Q:$Q,$L58)),"") | I58: =IF(AND(ISNUMBER($L58),$L58<>""),INDEX(Data!$E:$E,$L58),"") | J58: =IF(AND(ISNUMBER($L58),$L58<>""),INDEX(Data!$F:$F,$L58),"") | L58: =IFERROR(MATCH((YEAR($B$3)*10000+MONTH($B$3)*100+DAY($B$3))*1000+49,Data!$W:$W,0),"")
A59: =IF(AND(ISNUMBER($L59),$L59<>""),INDEX(Data!$G:$G,$L59),"") | B59: =IF(AND(ISNUMBER($L59),$L59<>""),IF(INDEX(Data!$I:$I,$L59)="","—",INDEX(Data!$I:$I,$L59)),"") | C59: =IF(AND(ISNUMBER($L59),$L59<>""),INDEX(Data!$J:$J,$L59),"") | D59: =IF(AND(ISNUMBER($L59),$L59<>""),INDEX(Data!$K:$K,$L59),"") | E59: =IF(AND(ISNUMBER($L59),$L59<>""),IF(INDEX(Data!$L:$L,$L59)="","—",INDEX(Data!$L:$L,$L59)),"") | F59: =IF(AND(ISNUMBER($L59),$L59<>""),IF(INDEX(Data!$M:$M,$L59)="","—",INDEX(Data!$M:$M,$L59)),"") | G59: =IF(AND(ISNUMBER($L59),$L59<>""),IF(INDEX(Data!$N:$N,$L59)="","—",INDEX(Data!$N:$N,$L59)),"") | H59: =IF(AND(ISNUMBER($L59),$L59<>""),IF(INDEX(Data!$Q:$Q,$L59)="","—",INDEX(Data!$Q:$Q,$L59)),"") | I59: =IF(AND(ISNUMBER($L59),$L59<>""),INDEX(Data!$E:$E,$L59),"") | J59: =IF(AND(ISNUMBER($L59),$L59<>""),INDEX(Data!$F:$F,$L59),"") | L59: =IFERROR(MATCH((YEAR($B$3)*10000+MONTH($B$3)*100+DAY($B$3))*1000+50,Data!$W:$W,0),"")
A60: =IF(AND(ISNUMBER($L60),$L60<>""),INDEX(Data!$G:$G,$L60),"") | B60: =IF(AND(ISNUMBER($L60),$L60<>""),IF(INDEX(Data!$I:$I,$L60)="","—",INDEX(Data!$I:$I,$L60)),"") | C60: =IF(AND(ISNUMBER($L60),$L60<>""),INDEX(Data!$J:$J,$L60),"") | D60: =IF(AND(ISNUMBER($L60),$L60<>""),INDEX(Data!$K:$K,$L60),"") | E60: =IF(AND(ISNUMBER($L60),$L60<>""),IF(INDEX(Data!$L:$L,$L60)="","—",INDEX(Data!$L:$L,$L60)),"") | F60: =IF(AND(ISNUMBER($L60),$L60<>""),IF(INDEX(Data!$M:$M,$L60)="","—",INDEX(Data!$M:$M,$L60)),"") | G60: =IF(AND(ISNUMBER($L60),$L60<>""),IF(INDEX(Data!$N:$N,$L60)="","—",INDEX(Data!$N:$N,$L60)),"") | H60: =IF(AND(ISNUMBER($L60),$L60<>""),IF(INDEX(Data!$Q:$Q,$L60)="","—",INDEX(Data!$Q:$Q,$L60)),"") | I60: =IF(AND(ISNUMBER($L60),$L60<>""),INDEX(Data!$E:$E,$L60),"") | J60: =IF(AND(ISNUMBER($L60),$L60<>""),INDEX(Data!$F:$F,$L60),"") | L60: =IFERROR(MATCH((YEAR($B$3)*10000+MONTH($B$3)*100+DAY($B$3))*1000+51,Data!$W:$W,0),"")
A61: =IF(AND(ISNUMBER($L61),$L61<>""),INDEX(Data!$G:$G,$L61),"") | B61: =IF(AND(ISNUMBER($L61),$L61<>""),IF(INDEX(Data!$I:$I,$L61)="","—",INDEX(Data!$I:$I,$L61)),"") | C61: =IF(AND(ISNUMBER($L61),$L61<>""),INDEX(Data!$J:$J,$L61),"") | D61: =IF(AND(ISNUMBER($L61),$L61<>""),INDEX(Data!$K:$K,$L61),"") | E61: =IF(AND(ISNUMBER($L61),$L61<>""),IF(INDEX(Data!$L:$L,$L61)="","—",INDEX(Data!$L:$L,$L61)),"") | F61: =IF(AND(ISNUMBER($L61),$L61<>""),IF(INDEX(Data!$M:$M,$L61)="","—",INDEX(Data!$M:$M,$L61)),"") | G61: =IF(AND(ISNUMBER($L61),$L61<>""),IF(INDEX(Data!$N:$N,$L61)="","—",INDEX(Data!$N:$N,$L61)),"") | H61: =IF(AND(ISNUMBER($L61),$L61<>""),IF(INDEX(Data!$Q:$Q,$L61)="","—",INDEX(Data!$Q:$Q,$L61)),"") | I61: =IF(AND(ISNUMBER($L61),$L61<>""),INDEX(Data!$E:$E,$L61),"") | J61: =IF(AND(ISNUMBER($L61),$L61<>""),INDEX(Data!$F:$F,$L61),"") | L61: =IFERROR(MATCH((YEAR($B$3)*10000+MONTH($B$3)*100+DAY($B$3))*1000+52,Data!$W:$W,0),"")
A62: =IF(AND(ISNUMBER($L62),$L62<>""),INDEX(Data!$G:$G,$L62),"") | B62: =IF(AND(ISNUMBER($L62),$L62<>""),IF(INDEX(Data!$I:$I,$L62)="","—",INDEX(Data!$I:$I,$L62)),"") | C62: =IF(AND(ISNUMBER($L62),$L62<>""),INDEX(Data!$J:$J,$L62),"") | D62: =IF(AND(ISNUMBER($L62),$L62<>""),INDEX(Data!$K:$K,$L62),"") | E62: =IF(AND(ISNUMBER($L62),$L62<>""),IF(INDEX(Data!$L:$L,$L62)="","—",INDEX(Data!$L:$L,$L62)),"") | F62: =IF(AND(ISNUMBER($L62),$L62<>""),IF(INDEX(Data!$M:$M,$L62)="","—",INDEX(Data!$M:$M,$L62)),"") | G62: =IF(AND(ISNUMBER($L62),$L62<>""),IF(INDEX(Data!$N:$N,$L62)="","—",INDEX(Data!$N:$N,$L62)),"") | H62: =IF(AND(ISNUMBER($L62),$L62<>""),IF(INDEX(Data!$Q:$Q,$L62)="","—",INDEX(Data!$Q:$Q,$L62)),"") | I62: =IF(AND(ISNUMBER($L62),$L62<>""),INDEX(Data!$E:$E,$L62),"") | J62: =IF(AND(ISNUMBER($L62),$L62<>""),INDEX(Data!$F:$F,$L62),"") | L62: =IFERROR(MATCH((YEAR($B$3)*10000+MONTH($B$3)*100+DAY($B$3))*1000+53,Data!$W:$W,0),"")
A63: =IF(AND(ISNUMBER($L63),$L63<>""),INDEX(Data!$G:$G,$L63),"") | B63: =IF(AND(ISNUMBER($L63),$L63<>""),IF(INDEX(Data!$I:$I,$L63)="","—",INDEX(Data!$I:$I,$L63)),"") | C63: =IF(AND(ISNUMBER($L63),$L63<>""),INDEX(Data!$J:$J,$L63),"") | D63: =IF(AND(ISNUMBER($L63),$L63<>""),INDEX(Data!$K:$K,$L63),"") | E63: =IF(AND(ISNUMBER($L63),$L63<>""),IF(INDEX(Data!$L:$L,$L63)="","—",INDEX(Data!$L:$L,$L63)),"") | F63: =IF(AND(ISNUMBER($L63),$L63<>""),IF(INDEX(Data!$M:$M,$L63)="","—",INDEX(Data!$M:$M,$L63)),"") | G63: =IF(AND(ISNUMBER($L63),$L63<>""),IF(INDEX(Data!$N:$N,$L63)="","—",INDEX(Data!$N:$N,$L63)),"") | H63: =IF(AND(ISNUMBER($L63),$L63<>""),IF(INDEX(Data!$Q:$Q,$L63)="","—",INDEX(Data!$Q:$Q,$L63)),"") | I63: =IF(AND(ISNUMBER($L63),$L63<>""),INDEX(Data!$E:$E,$L63),"") | J63: =IF(AND(ISNUMBER($L63),$L63<>""),INDEX(Data!$F:$F,$L63),"") | L63: =IFERROR(MATCH((YEAR($B$3)*10000+MONTH($B$3)*100+DAY($B$3))*1000+54,Data!$W:$W,0),"")
A64: =IF(AND(ISNUMBER($L64),$L64<>""),INDEX(Data!$G:$G,$L64),"") | B64: =IF(AND(ISNUMBER($L64),$L64<>""),IF(INDEX(Data!$I:$I,$L64)="","—",INDEX(Data!$I:$I,$L64)),"") | C64: =IF(AND(ISNUMBER($L64),$L64<>""),INDEX(Data!$J:$J,$L64),"") | D64: =IF(AND(ISNUMBER($L64),$L64<>""),INDEX(Data!$K:$K,$L64),"") | E64: =IF(AND(ISNUMBER($L64),$L64<>""),IF(INDEX(Data!$L:$L,$L64)="","—",INDEX(Data!$L:$L,$L64)),"") | F64: =IF(AND(ISNUMBER($L64),$L64<>""),IF(INDEX(Data!$M:$M,$L64)="","—",INDEX(Data!$M:$M,$L64)),"") | G64: =IF(AND(ISNUMBER($L64),$L64<>""),IF(INDEX(Data!$N:$N,$L64)="","—",INDEX(Data!$N:$N,$L64)),"") | H64: =IF(AND(ISNUMBER($L64),$L64<>""),IF(INDEX(Data!$Q:$Q,$L64)="","—",INDEX(Data!$Q:$Q,$L64)),"") | I64: =IF(AND(ISNUMBER($L64),$L64<>""),INDEX(Data!$E:$E,$L64),"") | J64: =IF(AND(ISNUMBER($L64),$L64<>""),INDEX(Data!$F:$F,$L64),"") | L64: =IFERROR(MATCH((YEAR($B$3)*10000+MONTH($B$3)*100+DAY($B$3))*1000+55,Data!$W:$W,0),"")
A65: =IF(AND(ISNUMBER($L65),$L65<>""),INDEX(Data!$G:$G,$L65),"") | B65: =IF(AND(ISNUMBER($L65),$L65<>""),IF(INDEX(Data!$I:$I,$L65)="","—",INDEX(Data!$I:$I,$L65)),"") | C65: =IF(AND(ISNUMBER($L65),$L65<>""),INDEX(Data!$J:$J,$L65),"") | D65: =IF(AND(ISNUMBER($L65),$L65<>""),INDEX(Data!$K:$K,$L65),"") | E65: =IF(AND(ISNUMBER($L65),$L65<>""),IF(INDEX(Data!$L:$L,$L65)="","—",INDEX(Data!$L:$L,$L65)),"") | F65: =IF(AND(ISNUMBER($L65),$L65<>""),IF(INDEX(Data!$M:$M,$L65)="","—",INDEX(Data!$M:$M,$L65)),"") | G65: =IF(AND(ISNUMBER($L65),$L65<>""),IF(INDEX(Data!$N:$N,$L65)="","—",INDEX(Data!$N:$N,$L65)),"") | H65: =IF(AND(ISNUMBER($L65),$L65<>""),IF(INDEX(Data!$Q:$Q,$L65)="","—",INDEX(Data!$Q:$Q,$L65)),"") | I65: =IF(AND(ISNUMBER($L65),$L65<>""),INDEX(Data!$E:$E,$L65),"") | J65: =IF(AND(ISNUMBER($L65),$L65<>""),INDEX(Data!$F:$F,$L65),"") | L65: =IFERROR(MATCH((YEAR($B$3)*10000+MONTH($B$3)*100+DAY($B$3))*1000+56,Data!$W:$W,0),"")
A66: =IF(AND(ISNUMBER($L66),$L66<>""),INDEX(Data!$G:$G,$L66),"") | B66: =IF(AND(ISNUMBER($L66),$L66<>""),IF(INDEX(Data!$I:$I,$L66)="","—",INDEX(Data!$I:$I,$L66)),"") | C66: =IF(AND(ISNUMBER($L66),$L66<>""),INDEX(Data!$J:$J,$L66),"") | D66: =IF(AND(ISNUMBER($L66),$L66<>""),INDEX(Data!$K:$K,$L66),"") | E66: =IF(AND(ISNUMBER($L66),$L66<>""),IF(INDEX(Data!$L:$L,$L66)="","—",INDEX(Data!$L:$L,$L66)),"") | F66: =IF(AND(ISNUMBER($L66),$L66<>""),IF(INDEX(Data!$M:$M,$L66)="","—",INDEX(Data!$M:$M,$L66)),"") | G66: =IF(AND(ISNUMBER($L66),$L66<>""),IF(INDEX(Data!$N:$N,$L66)="","—",INDEX(Data!$N:$N,$L66)),"") | H66: =IF(AND(ISNUMBER($L66),$L66<>""),IF(INDEX(Data!$Q:$Q,$L66)="","—",INDEX(Data!$Q:$Q,$L66)),"") | I66: =IF(AND(ISNUMBER($L66),$L66<>""),INDEX(Data!$E:$E,$L66),"") | J66: =IF(AND(ISNUMBER($L66),$L66<>""),INDEX(Data!$F:$F,$L66),"") | L66: =IFERROR(MATCH((YEAR($B$3)*10000+MONTH($B$3)*100+DAY($B$3))*1000+57,Data!$W:$W,0),"")
A67: =IF(AND(ISNUMBER($L67),$L67<>""),INDEX(Data!$G:$G,$L67),"") | B67: =IF(AND(ISNUMBER($L67),$L67<>""),IF(INDEX(Data!$I:$I,$L67)="","—",INDEX(Data!$I:$I,$L67)),"") | C67: =IF(AND(ISNUMBER($L67),$L67<>""),INDEX(Data!$J:$J,$L67),"") | D67: =IF(AND(ISNUMBER($L67),$L67<>""),INDEX(Data!$K:$K,$L67),"") | E67: =IF(AND(ISNUMBER($L67),$L67<>""),IF(INDEX(Data!$L:$L,$L67)="","—",INDEX(Data!$L:$L,$L67)),"") | F67: =IF(AND(ISNUMBER($L67),$L67<>""),IF(INDEX(Data!$M:$M,$L67)="","—",INDEX(Data!$M:$M,$L67)),"") | G67: =IF(AND(ISNUMBER($L67),$L67<>""),IF(INDEX(Data!$N:$N,$L67)="","—",INDEX(Data!$N:$N,$L67)),"") | H67: =IF(AND(ISNUMBER($L67),$L67<>""),IF(INDEX(Data!$Q:$Q,$L67)="","—",INDEX(Data!$Q:$Q,$L67)),"") | I67: =IF(AND(ISNUMBER($L67),$L67<>""),INDEX(Data!$E:$E,$L67),"") | J67: =IF(AND(ISNUMBER($L67),$L67<>""),INDEX(Data!$F:$F,$L67),"") | L67: =IFERROR(MATCH((YEAR($B$3)*10000+MONTH($B$3)*100+DAY($B$3))*1000+58,Data!$W:$W,0),"")
A68: =IF(AND(ISNUMBER($L68),$L68<>""),INDEX(Data!$G:$G,$L68),"") | B68: =IF(AND(ISNUMBER($L68),$L68<>""),IF(INDEX(Data!$I:$I,$L68)="","—",INDEX(Data!$I:$I,$L68)),"") | C68: =IF(AND(ISNUMBER($L68),$L68<>""),INDEX(Data!$J:$J,$L68),"") | D68: =IF(AND(ISNUMBER($L68),$L68<>""),INDEX(Data!$K:$K,$L68),"") | E68: =IF(AND(ISNUMBER($L68),$L68<>""),IF(INDEX(Data!$L:$L,$L68)="","—",INDEX(Data!$L:$L,$L68)),"") | F68: =IF(AND(ISNUMBER($L68),$L68<>""),IF(INDEX(Data!$M:$M,$L68)="","—",INDEX(Data!$M:$M,$L68)),"") | G68: =IF(AND(ISNUMBER($L68),$L68<>""),IF(INDEX(Data!$N:$N,$L68)="","—",INDEX(Data!$N:$N,$L68)),"") | H68: =IF(AND(ISNUMBER($L68),$L68<>""),IF(INDEX(Data!$Q:$Q,$L68)="","—",INDEX(Data!$Q:$Q,$L68)),"") | I68: =IF(AND(ISNUMBER($L68),$L68<>""),INDEX(Data!$E:$E,$L68),"") | J68: =IF(AND(ISNUMBER($L68),$L68<>""),INDEX(Data!$F:$F,$L68),"") | L68: =IFERROR(MATCH((YEAR($B$3)*10000+MONTH($B$3)*100+DAY($B$3))*1000+59,Data!$W:$W,0),"")
A69: =IF(AND(ISNUMBER($L69),$L69<>""),INDEX(Data!$G:$G,$L69),"") | B69: =IF(AND(ISNUMBER($L69),$L69<>""),IF(INDEX(Data!$I:$I,$L69)="","—",INDEX(Data!$I:$I,$L69)),"") | C69: =IF(AND(ISNUMBER($L69),$L69<>""),INDEX(Data!$J:$J,$L69),"") | D69: =IF(AND(ISNUMBER($L69),$L69<>""),INDEX(Data!$K:$K,$L69),"") | E69: =IF(AND(ISNUMBER($L69),$L69<>""),IF(INDEX(Data!$L:$L,$L69)="","—",INDEX(Data!$L:$L,$L69)),"") | F69: =IF(AND(ISNUMBER($L69),$L69<>""),IF(INDEX(Data!$M:$M,$L69)="","—",INDEX(Data!$M:$M,$L69)),"") | G69: =IF(AND(ISNUMBER($L69),$L69<>""),IF(INDEX(Data!$N:$N,$L69)="","—",INDEX(Data!$N:$N,$L69)),"") | H69: =IF(AND(ISNUMBER($L69),$L69<>""),IF(INDEX(Data!$Q:$Q,$L69)="","—",INDEX(Data!$Q:$Q,$L69)),"") | I69: =IF(AND(ISNUMBER($L69),$L69<>""),INDEX(Data!$E:$E,$L69),"") | J69: =IF(AND(ISNUMBER($L69),$L69<>""),INDEX(Data!$F:$F,$L69),"") | L69: =IFERROR(MATCH((YEAR($B$3)*10000+MONTH($B$3)*100+DAY($B$3))*1000+60,Data!$W:$W,0),"")
A70: =IF(AND(ISNUMBER($L70),$L70<>""),INDEX(Data!$G:$G,$L70),"") | B70: =IF(AND(ISNUMBER($L70),$L70<>""),IF(INDEX(Data!$I:$I,$L70)="","—",INDEX(Data!$I:$I,$L70)),"") | C70: =IF(AND(ISNUMBER($L70),$L70<>""),INDEX(Data!$J:$J,$L70),"") | D70: =IF(AND(ISNUMBER($L70),$L70<>""),INDEX(Data!$K:$K,$L70),"") | E70: =IF(AND(ISNUMBER($L70),$L70<>""),IF(INDEX(Data!$L:$L,$L70)="","—",INDEX(Data!$L:$L,$L70)),"") | F70: =IF(AND(ISNUMBER($L70),$L70<>""),IF(INDEX(Data!$M:$M,$L70)="","—",INDEX(Data!$M:$M,$L70)),"") | G70: =IF(AND(ISNUMBER($L70),$L70<>""),IF(INDEX(Data!$N:$N,$L70)="","—",INDEX(Data!$N:$N,$L70)),"") | H70: =IF(AND(ISNUMBER($L70),$L70<>""),IF(INDEX(Data!$Q:$Q,$L70)="","—",INDEX(Data!$Q:$Q,$L70)),"") | I70: =IF(AND(ISNUMBER($L70),$L70<>""),INDEX(Data!$E:$E,$L70),"") | J70: =IF(AND(ISNUMBER($L70),$L70<>""),INDEX(Data!$F:$F,$L70),"") | L70: =IFERROR(MATCH((YEAR($B$3)*10000+MONTH($B$3)*100+DAY($B$3))*1000+61,Data!$W:$W,0),"")
A71: =IF(AND(ISNUMBER($L71),$L71<>""),INDEX(Data!$G:$G,$L71),"") | B71: =IF(AND(ISNUMBER($L71),$L71<>""),IF(INDEX(Data!$I:$I,$L71)="","—",INDEX(Data!$I:$I,$L71)),"") | C71: =IF(AND(ISNUMBER($L71),$L71<>""),INDEX(Data!$J:$J,$L71),"") | D71: =IF(AND(ISNUMBER($L71),$L71<>""),INDEX(Data!$K:$K,$L71),"") | E71: =IF(AND(ISNUMBER($L71),$L71<>""),IF(INDEX(Data!$L:$L,$L71)="","—",INDEX(Data!$L:$L,$L71)),"") | F71: =IF(AND(ISNUMBER($L71),$L71<>""),IF(INDEX(Data!$M:$M,$L71)="","—",INDEX(Data!$M:$M,$L71)),"") | G71: =IF(AND(ISNUMBER($L71),$L71<>""),IF(INDEX(Data!$N:$N,$L71)="","—",INDEX(Data!$N:$N,$L71)),"") | H71: =IF(AND(ISNUMBER($L71),$L71<>""),IF(INDEX(Data!$Q:$Q,$L71)="","—",INDEX(Data!$Q:$Q,$L71)),"") | I71: =IF(AND(ISNUMBER($L71),$L71<>""),INDEX(Data!$E:$E,$L71),"") | J71: =IF(AND(ISNUMBER($L71),$L71<>""),INDEX(Data!$F:$F,$L71),"") | L71: =IFERROR(MATCH((YEAR($B$3)*10000+MONTH($B$3)*100+DAY($B$3))*1000+62,Data!$W:$W,0),"")
A72: =IF(AND(ISNUMBER($L72),$L72<>""),INDEX(Data!$G:$G,$L72),"") | B72: =IF(AND(ISNUMBER($L72),$L72<>""),IF(INDEX(Data!$I:$I,$L72)="","—",INDEX(Data!$I:$I,$L72)),"") | C72: =IF(AND(ISNUMBER($L72),$L72<>""),INDEX(Data!$J:$J,$L72),"") | D72: =IF(AND(ISNUMBER($L72),$L72<>""),INDEX(Data!$K:$K,$L72),"") | E72: =IF(AND(ISNUMBER($L72),$L72<>""),IF(INDEX(Data!$L:$L,$L72)="","—",INDEX(Data!$L:$L,$L72)),"") | F72: =IF(AND(ISNUMBER($L72),$L72<>""),IF(INDEX(Data!$M:$M,$L72)="","—",INDEX(Data!$M:$M,$L72)),"") | G72: =IF(AND(ISNUMBER($L72),$L72<>""),IF(INDEX(Data!$N:$N,$L72)="","—",INDEX(Data!$N:$N,$L72)),"") | H72: =IF(AND(ISNUMBER($L72),$L72<>""),IF(INDEX(Data!$Q:$Q,$L72)="","—",INDEX(Data!$Q:$Q,$L72)),"") | I72: =IF(AND(ISNUMBER($L72),$L72<>""),INDEX(Data!$E:$E,$L72),"") | J72: =IF(AND(ISNUMBER($L72),$L72<>""),INDEX(Data!$F:$F,$L72),"") | L72: =IFERROR(MATCH((YEAR($B$3)*10000+MONTH($B$3)*100+DAY($B$3))*1000+63,Data!$W:$W,0),"")
A73: =IF(AND(ISNUMBER($L73),$L73<>""),INDEX(Data!$G:$G,$L73),"") | B73: =IF(AND(ISNUMBER($L73),$L73<>""),IF(INDEX(Data!$I:$I,$L73)="","—",INDEX(Data!$I:$I,$L73)),"") | C73: =IF(AND(ISNUMBER($L73),$L73<>""),INDEX(Data!$J:$J,$L73),"") | D73: =IF(AND(ISNUMBER($L73),$L73<>""),INDEX(Data!$K:$K,$L73),"") | E73: =IF(AND(ISNUMBER($L73),$L73<>""),IF(INDEX(Data!$L:$L,$L73)="","—",INDEX(Data!$L:$L,$L73)),"") | F73: =IF(AND(ISNUMBER($L73),$L73<>""),IF(INDEX(Data!$M:$M,$L73)="","—",INDEX(Data!$M:$M,$L73)),"") | G73: =IF(AND(ISNUMBER($L73),$L73<>""),IF(INDEX(Data!$N:$N,$L73)="","—",INDEX(Data!$N:$N,$L73)),"") | H73: =IF(AND(ISNUMBER($L73),$L73<>""),IF(INDEX(Data!$Q:$Q,$L73)="","—",INDEX(Data!$Q:$Q,$L73)),"") | I73: =IF(AND(ISNUMBER($L73),$L73<>""),INDEX(Data!$E:$E,$L73),"") | J73: =IF(AND(ISNUMBER($L73),$L73<>""),INDEX(Data!$F:$F,$L73),"") | L73: =IFERROR(MATCH((YEAR($B$3)*10000+MONTH($B$3)*100+DAY($B$3))*1000+64,Data!$W:$W,0),"")
A74: =IF(AND(ISNUMBER($L74),$L74<>""),INDEX(Data!$G:$G,$L74),"") | B74: =IF(AND(ISNUMBER($L74),$L74<>""),IF(INDEX(Data!$I:$I,$L74)="","—",INDEX(Data!$I:$I,$L74)),"") | C74: =IF(AND(ISNUMBER($L74),$L74<>""),INDEX(Data!$J:$J,$L74),"") | D74: =IF(AND(ISNUMBER($L74),$L74<>""),INDEX(Data!$K:$K,$L74),"") | E74: =IF(AND(ISNUMBER($L74),$L74<>""),IF(INDEX(Data!$L:$L,$L74)="","—",INDEX(Data!$L:$L,$L74)),"") | F74: =IF(AND(ISNUMBER($L74),$L74<>""),IF(INDEX(Data!$M:$M,$L74)="","—",INDEX(Data!$M:$M,$L74)),"") | G74: =IF(AND(ISNUMBER($L74),$L74<>""),IF(INDEX(Data!$N:$N,$L74)="","—",INDEX(Data!$N:$N,$L74)),"") | H74: =IF(AND(ISNUMBER($L74),$L74<>""),IF(INDEX(Data!$Q:$Q,$L74)="","—",INDEX(Data!$Q:$Q,$L74)),"") | I74: =IF(AND(ISNUMBER($L74),$L74<>""),INDEX(Data!$E:$E,$L74),"") | J74: =IF(AND(ISNUMBER($L74),$L74<>""),INDEX(Data!$F:$F,$L74),"") | L74: =IFERROR(MATCH((YEAR($B$3)*10000+MONTH($B$3)*100+DAY($B$3))*1000+65,Data!$W:$W,0),"")
A75: =IF(AND(ISNUMBER($L75),$L75<>""),INDEX(Data!$G:$G,$L75),"") | B75: =IF(AND(ISNUMBER($L75),$L75<>""),IF(INDEX(Data!$I:$I,$L75)="","—",INDEX(Data!$I:$I,$L75)),"") | C75: =IF(AND(ISNUMBER($L75),$L75<>""),INDEX(Data!$J:$J,$L75),"") | D75: =IF(AND(ISNUMBER($L75),$L75<>""),INDEX(Data!$K:$K,$L75),"") | E75: =IF(AND(ISNUMBER($L75),$L75<>""),IF(INDEX(Data!$L:$L,$L75)="","—",INDEX(Data!$L:$L,$L75)),"") | F75: =IF(AND(ISNUMBER($L75),$L75<>""),IF(INDEX(Data!$M:$M,$L75)="","—",INDEX(Data!$M:$M,$L75)),"") | G75: =IF(AND(ISNUMBER($L75),$L75<>""),IF(INDEX(Data!$N:$N,$L75)="","—",INDEX(Data!$N:$N,$L75)),"") | H75: =IF(AND(ISNUMBER($L75),$L75<>""),IF(INDEX(Data!$Q:$Q,$L75)="","—",INDEX(Data!$Q:$Q,$L75)),"") | I75: =IF(AND(ISNUMBER($L75),$L75<>""),INDEX(Data!$E:$E,$L75),"") | J75: =IF(AND(ISNUMBER($L75),$L75<>""),INDEX(Data!$F:$F,$L75),"") | L75: =IFERROR(MATCH((YEAR($B$3)*10000+MONTH($B$3)*100+DAY($B$3))*1000+66,Data!$W:$W,0),"")
A76: =IF(AND(ISNUMBER($L76),$L76<>""),INDEX(Data!$G:$G,$L76),"") | B76: =IF(AND(ISNUMBER($L76),$L76<>""),IF(INDEX(Data!$I:$I,$L76)="","—",INDEX(Data!$I:$I,$L76)),"") | C76: =IF(AND(ISNUMBER($L76),$L76<>""),INDEX(Data!$J:$J,$L76),"") | D76: =IF(AND(ISNUMBER($L76),$L76<>""),INDEX(Data!$K:$K,$L76),"") | E76: =IF(AND(ISNUMBER($L76),$L76<>""),IF(INDEX(Data!$L:$L,$L76)="","—",INDEX(Data!$L:$L,$L76)),"") | F76: =IF(AND(ISNUMBER($L76),$L76<>""),IF(INDEX(Data!$M:$M,$L76)="","—",INDEX(Data!$M:$M,$L76)),"") | G76: =IF(AND(ISNUMBER($L76),$L76<>""),IF(INDEX(Data!$N:$N,$L76)="","—",INDEX(Data!$N:$N,$L76)),"") | H76: =IF(AND(ISNUMBER($L76),$L76<>""),IF(INDEX(Data!$Q:$Q,$L76)="","—",INDEX(Data!$Q:$Q,$L76)),"") | I76: =IF(AND(ISNUMBER($L76),$L76<>""),INDEX(Data!$E:$E,$L76),"") | J76: =IF(AND(ISNUMBER($L76),$L76<>""),INDEX(Data!$F:$F,$L76),"") | L76: =IFERROR(MATCH((YEAR($B$3)*10000+MONTH($B$3)*100+DAY($B$3))*1000+67,Data!$W:$W,0),"")
A77: =IF(AND(ISNUMBER($L77),$L77<>""),INDEX(Data!$G:$G,$L77),"") | B77: =IF(AND(ISNUMBER($L77),$L77<>""),IF(INDEX(Data!$I:$I,$L77)="","—",INDEX(Data!$I:$I,$L77)),"") | C77: =IF(AND(ISNUMBER($L77),$L77<>""),INDEX(Data!$J:$J,$L77),"") | D77: =IF(AND(ISNUMBER($L77),$L77<>""),INDEX(Data!$K:$K,$L77),"") | E77: =IF(AND(ISNUMBER($L77),$L77<>""),IF(INDEX(Data!$L:$L,$L77)="","—",INDEX(Data!$L:$L,$L77)),"") | F77: =IF(AND(ISNUMBER($L77),$L77<>""),IF(INDEX(Data!$M:$M,$L77)="","—",INDEX(Data!$M:$M,$L77)),"") | G77: =IF(AND(ISNUMBER($L77),$L77<>""),IF(INDEX(Data!$N:$N,$L77)="","—",INDEX(Data!$N:$N,$L77)),"") | H77: =IF(AND(ISNUMBER($L77),$L77<>""),IF(INDEX(Data!$Q:$Q,$L77)="","—",INDEX(Data!$Q:$Q,$L77)),"") | I77: =IF(AND(ISNUMBER($L77),$L77<>""),INDEX(Data!$E:$E,$L77),"") | J77: =IF(AND(ISNUMBER($L77),$L77<>""),INDEX(Data!$F:$F,$L77),"") | L77: =IFERROR(MATCH((YEAR($B$3)*10000+MONTH($B$3)*100+DAY($B$3))*1000+68,Data!$W:$W,0),"")
A78: =IF(AND(ISNUMBER($L78),$L78<>""),INDEX(Data!$G:$G,$L78),"") | B78: =IF(AND(ISNUMBER($L78),$L78<>""),IF(INDEX(Data!$I:$I,$L78)="","—",INDEX(Data!$I:$I,$L78)),"") | C78: =IF(AND(ISNUMBER($L78),$L78<>""),INDEX(Data!$J:$J,$L78),"") | D78: =IF(AND(ISNUMBER($L78),$L78<>""),INDEX(Data!$K:$K,$L78),"") | E78: =IF(AND(ISNUMBER($L78),$L78<>""),IF(INDEX(Data!$L:$L,$L78)="","—",INDEX(Data!$L:$L,$L78)),"") | F78: =IF(AND(ISNUMBER($L78),$L78<>""),IF(INDEX(Data!$M:$M,$L78)="","—",INDEX(Data!$M:$M,$L78)),"") | G78: =IF(AND(ISNUMBER($L78),$L78<>""),IF(INDEX(Data!$N:$N,$L78)="","—",INDEX(Data!$N:$N,$L78)),"") | H78: =IF(AND(ISNUMBER($L78),$L78<>""),IF(INDEX(Data!$Q:$Q,$L78)="","—",INDEX(Data!$Q:$Q,$L78)),"") | I78: =IF(AND(ISNUMBER($L78),$L78<>""),INDEX(Data!$E:$E,$L78),"") | J78: =IF(AND(ISNUMBER($L78),$L78<>""),INDEX(Data!$F:$F,$L78),"") | L78: =IFERROR(MATCH((YEAR($B$3)*10000+MONTH($B$3)*100+DAY($B$3))*1000+69,Data!$W:$W,0),"")
A79: =IF(AND(ISNUMBER($L79),$L79<>""),INDEX(Data!$G:$G,$L79),"") | B79: =IF(AND(ISNUMBER($L79),$L79<>""),IF(INDEX(Data!$I:$I,$L79)="","—",INDEX(Data!$I:$I,$L79)),"") | C79: =IF(AND(ISNUMBER($L79),$L79<>""),INDEX(Data!$J:$J,$L79),"") | D79: =IF(AND(ISNUMBER($L79),$L79<>""),INDEX(Data!$K:$K,$L79),"") | E79: =IF(AND(ISNUMBER($L79),$L79<>""),IF(INDEX(Data!$L:$L,$L79)="","—",INDEX(Data!$L:$L,$L79)),"") | F79: =IF(AND(ISNUMBER($L79),$L79<>""),IF(INDEX(Data!$M:$M,$L79)="","—",INDEX(Data!$M:$M,$L79)),"") | G79: =IF(AND(ISNUMBER($L79),$L79<>""),IF(INDEX(Data!$N:$N,$L79)="","—",INDEX(Data!$N:$N,$L79)),"") | H79: =IF(AND(ISNUMBER($L79),$L79<>""),IF(INDEX(Data!$Q:$Q,$L79)="","—",INDEX(Data!$Q:$Q,$L79)),"") | I79: =IF(AND(ISNUMBER($L79),$L79<>""),INDEX(Data!$E:$E,$L79),"") | J79: =IF(AND(ISNUMBER($L79),$L79<>""),INDEX(Data!$F:$F,$L79),"") | L79: =IFERROR(MATCH((YEAR($B$3)*10000+MONTH($B$3)*100+DAY($B$3))*1000+70,Data!$W:$W,0),"")

Sheet Trends
A1: Cigarette variance by product — last 14 counted days
A2: Sorted by how many days the product disagreed with the POS, then by total. A product off a little every night sits above one that was off a lot once. A dash means no POS sales were loaded for that day.
A4: Product | B4: =IF(Calc!$B$3="","",TEXT(Calc!$B$3,"dd mmm")) | C4: =IF(Calc!$B$4="","",TEXT(Calc!$B$4,"dd mmm")) | D4: =IF(Calc!$B$5="","",TEXT(Calc!$B$5,"dd mmm")) | E4: =IF(Calc!$B$6="","",TEXT(Calc!$B$6,"dd mmm")) | F4: =IF(Calc!$B$7="","",TEXT(Calc!$B$7,"dd mmm")) | G4: =IF(Calc!$B$8="","",TEXT(Calc!$B$8,"dd mmm")) | H4: =IF(Calc!$B$9="","",TEXT(Calc!$B$9,"dd mmm")) | I4: =IF(Calc!$B$10="","",TEXT(Calc!$B$10,"dd mmm")) | J4: =IF(Calc!$B$11="","",TEXT(Calc!$B$11,"dd mmm")) | K4: =IF(Calc!$B$12="","",TEXT(Calc!$B$12,"dd mmm")) | L4: =IF(Calc!$B$13="","",TEXT(Calc!$B$13,"dd mmm")) | M4: =IF(Calc!$B$14="","",TEXT(Calc!$B$14,"dd mmm")) | N4: =IF(Calc!$B$15="","",TEXT(Calc!$B$15,"dd mmm")) | O4: =IF(Calc!$B$16="","",TEXT(Calc!$B$16,"dd mmm")) | P4: Days off | Q4: Total | R4: Worst
A5: =IF(AND(ISNUMBER($T5),$T5<>""),INDEX(Calc!$S$3:$S$122,$T5),"") | B5: =IF(AND(ISNUMBER($T5),$T5<>""),IF(INDEX(Calc!$T$3:$T$122,$T5)="","—",INDEX(Calc!$T$3:$T$122,$T5)),"") | C5: =IF(AND(ISNUMBER($T5),$T5<>""),IF(INDEX(Calc!$U$3:$U$122,$T5)="","—",INDEX(Calc!$U$3:$U$122,$T5)),"") | D5: =IF(AND(ISNUMBER($T5),$T5<>""),IF(INDEX(Calc!$V$3:$V$122,$T5)="","—",INDEX(Calc!$V$3:$V$122,$T5)),"") | E5: =IF(AND(ISNUMBER($T5),$T5<>""),IF(INDEX(Calc!$W$3:$W$122,$T5)="","—",INDEX(Calc!$W$3:$W$122,$T5)),"") | F5: =IF(AND(ISNUMBER($T5),$T5<>""),IF(INDEX(Calc!$X$3:$X$122,$T5)="","—",INDEX(Calc!$X$3:$X$122,$T5)),"") | G5: =IF(AND(ISNUMBER($T5),$T5<>""),IF(INDEX(Calc!$Y$3:$Y$122,$T5)="","—",INDEX(Calc!$Y$3:$Y$122,$T5)),"") | H5: =IF(AND(ISNUMBER($T5),$T5<>""),IF(INDEX(Calc!$Z$3:$Z$122,$T5)="","—",INDEX(Calc!$Z$3:$Z$122,$T5)),"") | I5: =IF(AND(ISNUMBER($T5),$T5<>""),IF(INDEX(Calc!$AA$3:$AA$122,$T5)="","—",INDEX(Calc!$AA$3:$AA$122,$T5)),"") | J5: =IF(AND(ISNUMBER($T5),$T5<>""),IF(INDEX(Calc!$AB$3:$AB$122,$T5)="","—",INDEX(Calc!$AB$3:$AB$122,$T5)),"") | K5: =IF(AND(ISNUMBER($T5),$T5<>""),IF(INDEX(Calc!$AC$3:$AC$122,$T5)="","—",INDEX(Calc!$AC$3:$AC$122,$T5)),"") | L5: =IF(AND(ISNUMBER($T5),$T5<>""),IF(INDEX(Calc!$AD$3:$AD$122,$T5)="","—",INDEX(Calc!$AD$3:$AD$122,$T5)),"") | M5: =IF(AND(ISNUMBER($T5),$T5<>""),IF(INDEX(Calc!$AE$3:$AE$122,$T5)="","—",INDEX(Calc!$AE$3:$AE$122,$T5)),"") | N5: =IF(AND(ISNUMBER($T5),$T5<>""),IF(INDEX(Calc!$AF$3:$AF$122,$T5)="","—",INDEX(Calc!$AF$3:$AF$122,$T5)),"") | O5: =IF(AND(ISNUMBER($T5),$T5<>""),IF(INDEX(Calc!$AG$3:$AG$122,$T5)="","—",INDEX(Calc!$AG$3:$AG$122,$T5)),"") | P5: =IF(AND(ISNUMBER($T5),$T5<>""),IF(INDEX(Calc!$AJ$3:$AJ$122,$T5)="","—",INDEX(Calc!$AJ$3:$AJ$122,$T5)),"") | Q5: =IF(AND(ISNUMBER($T5),$T5<>""),IF(INDEX(Calc!$AK$3:$AK$122,$T5)="","—",INDEX(Calc!$AK$3:$AK$122,$T5)),"") | R5: =IF(AND(ISNUMBER($T5),$T5<>""),IF(INDEX(Calc!$AL$3:$AL$122,$T5)="","—",INDEX(Calc!$AL$3:$AL$122,$T5)),"") | T5: =IFERROR(MATCH(1,Calc!$AN$3:$AN$122,0),"")
A6: =IF(AND(ISNUMBER($T6),$T6<>""),INDEX(Calc!$S$3:$S$122,$T6),"") | B6: =IF(AND(ISNUMBER($T6),$T6<>""),IF(INDEX(Calc!$T$3:$T$122,$T6)="","—",INDEX(Calc!$T$3:$T$122,$T6)),"") | C6: =IF(AND(ISNUMBER($T6),$T6<>""),IF(INDEX(Calc!$U$3:$U$122,$T6)="","—",INDEX(Calc!$U$3:$U$122,$T6)),"") | D6: =IF(AND(ISNUMBER($T6),$T6<>""),IF(INDEX(Calc!$V$3:$V$122,$T6)="","—",INDEX(Calc!$V$3:$V$122,$T6)),"") | E6: =IF(AND(ISNUMBER($T6),$T6<>""),IF(INDEX(Calc!$W$3:$W$122,$T6)="","—",INDEX(Calc!$W$3:$W$122,$T6)),"") | F6: =IF(AND(ISNUMBER($T6),$T6<>""),IF(INDEX(Calc!$X$3:$X$122,$T6)="","—",INDEX(Calc!$X$3:$X$122,$T6)),"") | G6: =IF(AND(ISNUMBER($T6),$T6<>""),IF(INDEX(Calc!$Y$3:$Y$122,$T6)="","—",INDEX(Calc!$Y$3:$Y$122,$T6)),"") | H6: =IF(AND(ISNUMBER($T6),$T6<>""),IF(INDEX(Calc!$Z$3:$Z$122,$T6)="","—",INDEX(Calc!$Z$3:$Z$122,$T6)),"") | I6: =IF(AND(ISNUMBER($T6),$T6<>""),IF(INDEX(Calc!$AA$3:$AA$122,$T6)="","—",INDEX(Calc!$AA$3:$AA$122,$T6)),"") | J6: =IF(AND(ISNUMBER($T6),$T6<>""),IF(INDEX(Calc!$AB$3:$AB$122,$T6)="","—",INDEX(Calc!$AB$3:$AB$122,$T6)),"") | K6: =IF(AND(ISNUMBER($T6),$T6<>""),IF(INDEX(Calc!$AC$3:$AC$122,$T6)="","—",INDEX(Calc!$AC$3:$AC$122,$T6)),"") | L6: =IF(AND(ISNUMBER($T6),$T6<>""),IF(INDEX(Calc!$AD$3:$AD$122,$T6)="","—",INDEX(Calc!$AD$3:$AD$122,$T6)),"") | M6: =IF(AND(ISNUMBER($T6),$T6<>""),IF(INDEX(Calc!$AE$3:$AE$122,$T6)="","—",INDEX(Calc!$AE$3:$AE$122,$T6)),"") | N6: =IF(AND(ISNUMBER($T6),$T6<>""),IF(INDEX(Calc!$AF$3:$AF$122,$T6)="","—",INDEX(Calc!$AF$3:$AF$122,$T6)),"") | O6: =IF(AND(ISNUMBER($T6),$T6<>""),IF(INDEX(Calc!$AG$3:$AG$122,$T6)="","—",INDEX(Calc!$AG$3:$AG$122,$T6)),"") | P6: =IF(AND(ISNUMBER($T6),$T6<>""),IF(INDEX(Calc!$AJ$3:$AJ$122,$T6)="","—",INDEX(Calc!$AJ$3:$AJ$122,$T6)),"") | Q6: =IF(AND(ISNUMBER($T6),$T6<>""),IF(INDEX(Calc!$AK$3:$AK$122,$T6)="","—",INDEX(Calc!$AK$3:$AK$122,$T6)),"") | R6: =IF(AND(ISNUMBER($T6),$T6<>""),IF(INDEX(Calc!$AL$3:$AL$122,$T6)="","—",INDEX(Calc!$AL$3:$AL$122,$T6)),"") | T6: =IFERROR(MATCH(2,Calc!$AN$3:$AN$122,0),"")
A7: =IF(AND(ISNUMBER($T7),$T7<>""),INDEX(Calc!$S$3:$S$122,$T7),"") | B7: =IF(AND(ISNUMBER($T7),$T7<>""),IF(INDEX(Calc!$T$3:$T$122,$T7)="","—",INDEX(Calc!$T$3:$T$122,$T7)),"") | C7: =IF(AND(ISNUMBER($T7),$T7<>""),IF(INDEX(Calc!$U$3:$U$122,$T7)="","—",INDEX(Calc!$U$3:$U$122,$T7)),"") | D7: =IF(AND(ISNUMBER($T7),$T7<>""),IF(INDEX(Calc!$V$3:$V$122,$T7)="","—",INDEX(Calc!$V$3:$V$122,$T7)),"") | E7: =IF(AND(ISNUMBER($T7),$T7<>""),IF(INDEX(Calc!$W$3:$W$122,$T7)="","—",INDEX(Calc!$W$3:$W$122,$T7)),"") | F7: =IF(AND(ISNUMBER($T7),$T7<>""),IF(INDEX(Calc!$X$3:$X$122,$T7)="","—",INDEX(Calc!$X$3:$X$122,$T7)),"") | G7: =IF(AND(ISNUMBER($T7),$T7<>""),IF(INDEX(Calc!$Y$3:$Y$122,$T7)="","—",INDEX(Calc!$Y$3:$Y$122,$T7)),"") | H7: =IF(AND(ISNUMBER($T7),$T7<>""),IF(INDEX(Calc!$Z$3:$Z$122,$T7)="","—",INDEX(Calc!$Z$3:$Z$122,$T7)),"") | I7: =IF(AND(ISNUMBER($T7),$T7<>""),IF(INDEX(Calc!$AA$3:$AA$122,$T7)="","—",INDEX(Calc!$AA$3:$AA$122,$T7)),"") | J7: =IF(AND(ISNUMBER($T7),$T7<>""),IF(INDEX(Calc!$AB$3:$AB$122,$T7)="","—",INDEX(Calc!$AB$3:$AB$122,$T7)),"") | K7: =IF(AND(ISNUMBER($T7),$T7<>""),IF(INDEX(Calc!$AC$3:$AC$122,$T7)="","—",INDEX(Calc!$AC$3:$AC$122,$T7)),"") | L7: =IF(AND(ISNUMBER($T7),$T7<>""),IF(INDEX(Calc!$AD$3:$AD$122,$T7)="","—",INDEX(Calc!$AD$3:$AD$122,$T7)),"") | M7: =IF(AND(ISNUMBER($T7),$T7<>""),IF(INDEX(Calc!$AE$3:$AE$122,$T7)="","—",INDEX(Calc!$AE$3:$AE$122,$T7)),"") | N7: =IF(AND(ISNUMBER($T7),$T7<>""),IF(INDEX(Calc!$AF$3:$AF$122,$T7)="","—",INDEX(Calc!$AF$3:$AF$122,$T7)),"") | O7: =IF(AND(ISNUMBER($T7),$T7<>""),IF(INDEX(Calc!$AG$3:$AG$122,$T7)="","—",INDEX(Calc!$AG$3:$AG$122,$T7)),"") | P7: =IF(AND(ISNUMBER($T7),$T7<>""),IF(INDEX(Calc!$AJ$3:$AJ$122,$T7)="","—",INDEX(Calc!$AJ$3:$AJ$122,$T7)),"") | Q7: =IF(AND(ISNUMBER($T7),$T7<>""),IF(INDEX(Calc!$AK$3:$AK$122,$T7)="","—",INDEX(Calc!$AK$3:$AK$122,$T7)),"") | R7: =IF(AND(ISNUMBER($T7),$T7<>""),IF(INDEX(Calc!$AL$3:$AL$122,$T7)="","—",INDEX(Calc!$AL$3:$AL$122,$T7)),"") | T7: =IFERROR(MATCH(3,Calc!$AN$3:$AN$122,0),"")
A8: =IF(AND(ISNUMBER($T8),$T8<>""),INDEX(Calc!$S$3:$S$122,$T8),"") | B8: =IF(AND(ISNUMBER($T8),$T8<>""),IF(INDEX(Calc!$T$3:$T$122,$T8)="","—",INDEX(Calc!$T$3:$T$122,$T8)),"") | C8: =IF(AND(ISNUMBER($T8),$T8<>""),IF(INDEX(Calc!$U$3:$U$122,$T8)="","—",INDEX(Calc!$U$3:$U$122,$T8)),"") | D8: =IF(AND(ISNUMBER($T8),$T8<>""),IF(INDEX(Calc!$V$3:$V$122,$T8)="","—",INDEX(Calc!$V$3:$V$122,$T8)),"") | E8: =IF(AND(ISNUMBER($T8),$T8<>""),IF(INDEX(Calc!$W$3:$W$122,$T8)="","—",INDEX(Calc!$W$3:$W$122,$T8)),"") | F8: =IF(AND(ISNUMBER($T8),$T8<>""),IF(INDEX(Calc!$X$3:$X$122,$T8)="","—",INDEX(Calc!$X$3:$X$122,$T8)),"") | G8: =IF(AND(ISNUMBER($T8),$T8<>""),IF(INDEX(Calc!$Y$3:$Y$122,$T8)="","—",INDEX(Calc!$Y$3:$Y$122,$T8)),"") | H8: =IF(AND(ISNUMBER($T8),$T8<>""),IF(INDEX(Calc!$Z$3:$Z$122,$T8)="","—",INDEX(Calc!$Z$3:$Z$122,$T8)),"") | I8: =IF(AND(ISNUMBER($T8),$T8<>""),IF(INDEX(Calc!$AA$3:$AA$122,$T8)="","—",INDEX(Calc!$AA$3:$AA$122,$T8)),"") | J8: =IF(AND(ISNUMBER($T8),$T8<>""),IF(INDEX(Calc!$AB$3:$AB$122,$T8)="","—",INDEX(Calc!$AB$3:$AB$122,$T8)),"") | K8: =IF(AND(ISNUMBER($T8),$T8<>""),IF(INDEX(Calc!$AC$3:$AC$122,$T8)="","—",INDEX(Calc!$AC$3:$AC$122,$T8)),"") | L8: =IF(AND(ISNUMBER($T8),$T8<>""),IF(INDEX(Calc!$AD$3:$AD$122,$T8)="","—",INDEX(Calc!$AD$3:$AD$122,$T8)),"") | M8: =IF(AND(ISNUMBER($T8),$T8<>""),IF(INDEX(Calc!$AE$3:$AE$122,$T8)="","—",INDEX(Calc!$AE$3:$AE$122,$T8)),"") | N8: =IF(AND(ISNUMBER($T8),$T8<>""),IF(INDEX(Calc!$AF$3:$AF$122,$T8)="","—",INDEX(Calc!$AF$3:$AF$122,$T8)),"") | O8: =IF(AND(ISNUMBER($T8),$T8<>""),IF(INDEX(Calc!$AG$3:$AG$122,$T8)="","—",INDEX(Calc!$AG$3:$AG$122,$T8)),"") | P8: =IF(AND(ISNUMBER($T8),$T8<>""),IF(INDEX(Calc!$AJ$3:$AJ$122,$T8)="","—",INDEX(Calc!$AJ$3:$AJ$122,$T8)),"") | Q8: =IF(AND(ISNUMBER($T8),$T8<>""),IF(INDEX(Calc!$AK$3:$AK$122,$T8)="","—",INDEX(Calc!$AK$3:$AK$122,$T8)),"") | R8: =IF(AND(ISNUMBER($T8),$T8<>""),IF(INDEX(Calc!$AL$3:$AL$122,$T8)="","—",INDEX(Calc!$AL$3:$AL$122,$T8)),"") | T8: =IFERROR(MATCH(4,Calc!$AN$3:$AN$122,0),"")
A9: =IF(AND(ISNUMBER($T9),$T9<>""),INDEX(Calc!$S$3:$S$122,$T9),"") | B9: =IF(AND(ISNUMBER($T9),$T9<>""),IF(INDEX(Calc!$T$3:$T$122,$T9)="","—",INDEX(Calc!$T$3:$T$122,$T9)),"") | C9: =IF(AND(ISNUMBER($T9),$T9<>""),IF(INDEX(Calc!$U$3:$U$122,$T9)="","—",INDEX(Calc!$U$3:$U$122,$T9)),"") | D9: =IF(AND(ISNUMBER($T9),$T9<>""),IF(INDEX(Calc!$V$3:$V$122,$T9)="","—",INDEX(Calc!$V$3:$V$122,$T9)),"") | E9: =IF(AND(ISNUMBER($T9),$T9<>""),IF(INDEX(Calc!$W$3:$W$122,$T9)="","—",INDEX(Calc!$W$3:$W$122,$T9)),"") | F9: =IF(AND(ISNUMBER($T9),$T9<>""),IF(INDEX(Calc!$X$3:$X$122,$T9)="","—",INDEX(Calc!$X$3:$X$122,$T9)),"") | G9: =IF(AND(ISNUMBER($T9),$T9<>""),IF(INDEX(Calc!$Y$3:$Y$122,$T9)="","—",INDEX(Calc!$Y$3:$Y$122,$T9)),"") | H9: =IF(AND(ISNUMBER($T9),$T9<>""),IF(INDEX(Calc!$Z$3:$Z$122,$T9)="","—",INDEX(Calc!$Z$3:$Z$122,$T9)),"") | I9: =IF(AND(ISNUMBER($T9),$T9<>""),IF(INDEX(Calc!$AA$3:$AA$122,$T9)="","—",INDEX(Calc!$AA$3:$AA$122,$T9)),"") | J9: =IF(AND(ISNUMBER($T9),$T9<>""),IF(INDEX(Calc!$AB$3:$AB$122,$T9)="","—",INDEX(Calc!$AB$3:$AB$122,$T9)),"") | K9: =IF(AND(ISNUMBER($T9),$T9<>""),IF(INDEX(Calc!$AC$3:$AC$122,$T9)="","—",INDEX(Calc!$AC$3:$AC$122,$T9)),"") | L9: =IF(AND(ISNUMBER($T9),$T9<>""),IF(INDEX(Calc!$AD$3:$AD$122,$T9)="","—",INDEX(Calc!$AD$3:$AD$122,$T9)),"") | M9: =IF(AND(ISNUMBER($T9),$T9<>""),IF(INDEX(Calc!$AE$3:$AE$122,$T9)="","—",INDEX(Calc!$AE$3:$AE$122,$T9)),"") | N9: =IF(AND(ISNUMBER($T9),$T9<>""),IF(INDEX(Calc!$AF$3:$AF$122,$T9)="","—",INDEX(Calc!$AF$3:$AF$122,$T9)),"") | O9: =IF(AND(ISNUMBER($T9),$T9<>""),IF(INDEX(Calc!$AG$3:$AG$122,$T9)="","—",INDEX(Calc!$AG$3:$AG$122,$T9)),"") | P9: =IF(AND(ISNUMBER($T9),$T9<>""),IF(INDEX(Calc!$AJ$3:$AJ$122,$T9)="","—",INDEX(Calc!$AJ$3:$AJ$122,$T9)),"") | Q9: =IF(AND(ISNUMBER($T9),$T9<>""),IF(INDEX(Calc!$AK$3:$AK$122,$T9)="","—",INDEX(Calc!$AK$3:$AK$122,$T9)),"") | R9: =IF(AND(ISNUMBER($T9),$T9<>""),IF(INDEX(Calc!$AL$3:$AL$122,$T9)="","—",INDEX(Calc!$AL$3:$AL$122,$T9)),"") | T9: =IFERROR(MATCH(5,Calc!$AN$3:$AN$122,0),"")
A10: =IF(AND(ISNUMBER($T10),$T10<>""),INDEX(Calc!$S$3:$S$122,$T10),"") | B10: =IF(AND(ISNUMBER($T10),$T10<>""),IF(INDEX(Calc!$T$3:$T$122,$T10)="","—",INDEX(Calc!$T$3:$T$122,$T10)),"") | C10: =IF(AND(ISNUMBER($T10),$T10<>""),IF(INDEX(Calc!$U$3:$U$122,$T10)="","—",INDEX(Calc!$U$3:$U$122,$T10)),"") | D10: =IF(AND(ISNUMBER($T10),$T10<>""),IF(INDEX(Calc!$V$3:$V$122,$T10)="","—",INDEX(Calc!$V$3:$V$122,$T10)),"") | E10: =IF(AND(ISNUMBER($T10),$T10<>""),IF(INDEX(Calc!$W$3:$W$122,$T10)="","—",INDEX(Calc!$W$3:$W$122,$T10)),"") | F10: =IF(AND(ISNUMBER($T10),$T10<>""),IF(INDEX(Calc!$X$3:$X$122,$T10)="","—",INDEX(Calc!$X$3:$X$122,$T10)),"") | G10: =IF(AND(ISNUMBER($T10),$T10<>""),IF(INDEX(Calc!$Y$3:$Y$122,$T10)="","—",INDEX(Calc!$Y$3:$Y$122,$T10)),"") | H10: =IF(AND(ISNUMBER($T10),$T10<>""),IF(INDEX(Calc!$Z$3:$Z$122,$T10)="","—",INDEX(Calc!$Z$3:$Z$122,$T10)),"") | I10: =IF(AND(ISNUMBER($T10),$T10<>""),IF(INDEX(Calc!$AA$3:$AA$122,$T10)="","—",INDEX(Calc!$AA$3:$AA$122,$T10)),"") | J10: =IF(AND(ISNUMBER($T10),$T10<>""),IF(INDEX(Calc!$AB$3:$AB$122,$T10)="","—",INDEX(Calc!$AB$3:$AB$122,$T10)),"") | K10: =IF(AND(ISNUMBER($T10),$T10<>""),IF(INDEX(Calc!$AC$3:$AC$122,$T10)="","—",INDEX(Calc!$AC$3:$AC$122,$T10)),"") | L10: =IF(AND(ISNUMBER($T10),$T10<>""),IF(INDEX(Calc!$AD$3:$AD$122,$T10)="","—",INDEX(Calc!$AD$3:$AD$122,$T10)),"") | M10: =IF(AND(ISNUMBER($T10),$T10<>""),IF(INDEX(Calc!$AE$3:$AE$122,$T10)="","—",INDEX(Calc!$AE$3:$AE$122,$T10)),"") | N10: =IF(AND(ISNUMBER($T10),$T10<>""),IF(INDEX(Calc!$AF$3:$AF$122,$T10)="","—",INDEX(Calc!$AF$3:$AF$122,$T10)),"") | O10: =IF(AND(ISNUMBER($T10),$T10<>""),IF(INDEX(Calc!$AG$3:$AG$122,$T10)="","—",INDEX(Calc!$AG$3:$AG$122,$T10)),"") | P10: =IF(AND(ISNUMBER($T10),$T10<>""),IF(INDEX(Calc!$AJ$3:$AJ$122,$T10)="","—",INDEX(Calc!$AJ$3:$AJ$122,$T10)),"") | Q10: =IF(AND(ISNUMBER($T10),$T10<>""),IF(INDEX(Calc!$AK$3:$AK$122,$T10)="","—",INDEX(Calc!$AK$3:$AK$122,$T10)),"") | R10: =IF(AND(ISNUMBER($T10),$T10<>""),IF(INDEX(Calc!$AL$3:$AL$122,$T10)="","—",INDEX(Calc!$AL$3:$AL$122,$T10)),"") | T10: =IFERROR(MATCH(6,Calc!$AN$3:$AN$122,0),"")
A11: =IF(AND(ISNUMBER($T11),$T11<>""),INDEX(Calc!$S$3:$S$122,$T11),"") | B11: =IF(AND(ISNUMBER($T11),$T11<>""),IF(INDEX(Calc!$T$3:$T$122,$T11)="","—",INDEX(Calc!$T$3:$T$122,$T11)),"") | C11: =IF(AND(ISNUMBER($T11),$T11<>""),IF(INDEX(Calc!$U$3:$U$122,$T11)="","—",INDEX(Calc!$U$3:$U$122,$T11)),"") | D11: =IF(AND(ISNUMBER($T11),$T11<>""),IF(INDEX(Calc!$V$3:$V$122,$T11)="","—",INDEX(Calc!$V$3:$V$122,$T11)),"") | E11: =IF(AND(ISNUMBER($T11),$T11<>""),IF(INDEX(Calc!$W$3:$W$122,$T11)="","—",INDEX(Calc!$W$3:$W$122,$T11)),"") | F11: =IF(AND(ISNUMBER($T11),$T11<>""),IF(INDEX(Calc!$X$3:$X$122,$T11)="","—",INDEX(Calc!$X$3:$X$122,$T11)),"") | G11: =IF(AND(ISNUMBER($T11),$T11<>""),IF(INDEX(Calc!$Y$3:$Y$122,$T11)="","—",INDEX(Calc!$Y$3:$Y$122,$T11)),"") | H11: =IF(AND(ISNUMBER($T11),$T11<>""),IF(INDEX(Calc!$Z$3:$Z$122,$T11)="","—",INDEX(Calc!$Z$3:$Z$122,$T11)),"") | I11: =IF(AND(ISNUMBER($T11),$T11<>""),IF(INDEX(Calc!$AA$3:$AA$122,$T11)="","—",INDEX(Calc!$AA$3:$AA$122,$T11)),"") | J11: =IF(AND(ISNUMBER($T11),$T11<>""),IF(INDEX(Calc!$AB$3:$AB$122,$T11)="","—",INDEX(Calc!$AB$3:$AB$122,$T11)),"") | K11: =IF(AND(ISNUMBER($T11),$T11<>""),IF(INDEX(Calc!$AC$3:$AC$122,$T11)="","—",INDEX(Calc!$AC$3:$AC$122,$T11)),"") | L11: =IF(AND(ISNUMBER($T11),$T11<>""),IF(INDEX(Calc!$AD$3:$AD$122,$T11)="","—",INDEX(Calc!$AD$3:$AD$122,$T11)),"") | M11: =IF(AND(ISNUMBER($T11),$T11<>""),IF(INDEX(Calc!$AE$3:$AE$122,$T11)="","—",INDEX(Calc!$AE$3:$AE$122,$T11)),"") | N11: =IF(AND(ISNUMBER($T11),$T11<>""),IF(INDEX(Calc!$AF$3:$AF$122,$T11)="","—",INDEX(Calc!$AF$3:$AF$122,$T11)),"") | O11: =IF(AND(ISNUMBER($T11),$T11<>""),IF(INDEX(Calc!$AG$3:$AG$122,$T11)="","—",INDEX(Calc!$AG$3:$AG$122,$T11)),"") | P11: =IF(AND(ISNUMBER($T11),$T11<>""),IF(INDEX(Calc!$AJ$3:$AJ$122,$T11)="","—",INDEX(Calc!$AJ$3:$AJ$122,$T11)),"") | Q11: =IF(AND(ISNUMBER($T11),$T11<>""),IF(INDEX(Calc!$AK$3:$AK$122,$T11)="","—",INDEX(Calc!$AK$3:$AK$122,$T11)),"") | R11: =IF(AND(ISNUMBER($T11),$T11<>""),IF(INDEX(Calc!$AL$3:$AL$122,$T11)="","—",INDEX(Calc!$AL$3:$AL$122,$T11)),"") | T11: =IFERROR(MATCH(7,Calc!$AN$3:$AN$122,0),"")
A12: =IF(AND(ISNUMBER($T12),$T12<>""),INDEX(Calc!$S$3:$S$122,$T12),"") | B12: =IF(AND(ISNUMBER($T12),$T12<>""),IF(INDEX(Calc!$T$3:$T$122,$T12)="","—",INDEX(Calc!$T$3:$T$122,$T12)),"") | C12: =IF(AND(ISNUMBER($T12),$T12<>""),IF(INDEX(Calc!$U$3:$U$122,$T12)="","—",INDEX(Calc!$U$3:$U$122,$T12)),"") | D12: =IF(AND(ISNUMBER($T12),$T12<>""),IF(INDEX(Calc!$V$3:$V$122,$T12)="","—",INDEX(Calc!$V$3:$V$122,$T12)),"") | E12: =IF(AND(ISNUMBER($T12),$T12<>""),IF(INDEX(Calc!$W$3:$W$122,$T12)="","—",INDEX(Calc!$W$3:$W$122,$T12)),"") | F12: =IF(AND(ISNUMBER($T12),$T12<>""),IF(INDEX(Calc!$X$3:$X$122,$T12)="","—",INDEX(Calc!$X$3:$X$122,$T12)),"") | G12: =IF(AND(ISNUMBER($T12),$T12<>""),IF(INDEX(Calc!$Y$3:$Y$122,$T12)="","—",INDEX(Calc!$Y$3:$Y$122,$T12)),"") | H12: =IF(AND(ISNUMBER($T12),$T12<>""),IF(INDEX(Calc!$Z$3:$Z$122,$T12)="","—",INDEX(Calc!$Z$3:$Z$122,$T12)),"") | I12: =IF(AND(ISNUMBER($T12),$T12<>""),IF(INDEX(Calc!$AA$3:$AA$122,$T12)="","—",INDEX(Calc!$AA$3:$AA$122,$T12)),"") | J12: =IF(AND(ISNUMBER($T12),$T12<>""),IF(INDEX(Calc!$AB$3:$AB$122,$T12)="","—",INDEX(Calc!$AB$3:$AB$122,$T12)),"") | K12: =IF(AND(ISNUMBER($T12),$T12<>""),IF(INDEX(Calc!$AC$3:$AC$122,$T12)="","—",INDEX(Calc!$AC$3:$AC$122,$T12)),"") | L12: =IF(AND(ISNUMBER($T12),$T12<>""),IF(INDEX(Calc!$AD$3:$AD$122,$T12)="","—",INDEX(Calc!$AD$3:$AD$122,$T12)),"") | M12: =IF(AND(ISNUMBER($T12),$T12<>""),IF(INDEX(Calc!$AE$3:$AE$122,$T12)="","—",INDEX(Calc!$AE$3:$AE$122,$T12)),"") | N12: =IF(AND(ISNUMBER($T12),$T12<>""),IF(INDEX(Calc!$AF$3:$AF$122,$T12)="","—",INDEX(Calc!$AF$3:$AF$122,$T12)),"") | O12: =IF(AND(ISNUMBER($T12),$T12<>""),IF(INDEX(Calc!$AG$3:$AG$122,$T12)="","—",INDEX(Calc!$AG$3:$AG$122,$T12)),"") | P12: =IF(AND(ISNUMBER($T12),$T12<>""),IF(INDEX(Calc!$AJ$3:$AJ$122,$T12)="","—",INDEX(Calc!$AJ$3:$AJ$122,$T12)),"") | Q12: =IF(AND(ISNUMBER($T12),$T12<>""),IF(INDEX(Calc!$AK$3:$AK$122,$T12)="","—",INDEX(Calc!$AK$3:$AK$122,$T12)),"") | R12: =IF(AND(ISNUMBER($T12),$T12<>""),IF(INDEX(Calc!$AL$3:$AL$122,$T12)="","—",INDEX(Calc!$AL$3:$AL$122,$T12)),"") | T12: =IFERROR(MATCH(8,Calc!$AN$3:$AN$122,0),"")
A13: =IF(AND(ISNUMBER($T13),$T13<>""),INDEX(Calc!$S$3:$S$122,$T13),"") | B13: =IF(AND(ISNUMBER($T13),$T13<>""),IF(INDEX(Calc!$T$3:$T$122,$T13)="","—",INDEX(Calc!$T$3:$T$122,$T13)),"") | C13: =IF(AND(ISNUMBER($T13),$T13<>""),IF(INDEX(Calc!$U$3:$U$122,$T13)="","—",INDEX(Calc!$U$3:$U$122,$T13)),"") | D13: =IF(AND(ISNUMBER($T13),$T13<>""),IF(INDEX(Calc!$V$3:$V$122,$T13)="","—",INDEX(Calc!$V$3:$V$122,$T13)),"") | E13: =IF(AND(ISNUMBER($T13),$T13<>""),IF(INDEX(Calc!$W$3:$W$122,$T13)="","—",INDEX(Calc!$W$3:$W$122,$T13)),"") | F13: =IF(AND(ISNUMBER($T13),$T13<>""),IF(INDEX(Calc!$X$3:$X$122,$T13)="","—",INDEX(Calc!$X$3:$X$122,$T13)),"") | G13: =IF(AND(ISNUMBER($T13),$T13<>""),IF(INDEX(Calc!$Y$3:$Y$122,$T13)="","—",INDEX(Calc!$Y$3:$Y$122,$T13)),"") | H13: =IF(AND(ISNUMBER($T13),$T13<>""),IF(INDEX(Calc!$Z$3:$Z$122,$T13)="","—",INDEX(Calc!$Z$3:$Z$122,$T13)),"") | I13: =IF(AND(ISNUMBER($T13),$T13<>""),IF(INDEX(Calc!$AA$3:$AA$122,$T13)="","—",INDEX(Calc!$AA$3:$AA$122,$T13)),"") | J13: =IF(AND(ISNUMBER($T13),$T13<>""),IF(INDEX(Calc!$AB$3:$AB$122,$T13)="","—",INDEX(Calc!$AB$3:$AB$122,$T13)),"") | K13: =IF(AND(ISNUMBER($T13),$T13<>""),IF(INDEX(Calc!$AC$3:$AC$122,$T13)="","—",INDEX(Calc!$AC$3:$AC$122,$T13)),"") | L13: =IF(AND(ISNUMBER($T13),$T13<>""),IF(INDEX(Calc!$AD$3:$AD$122,$T13)="","—",INDEX(Calc!$AD$3:$AD$122,$T13)),"") | M13: =IF(AND(ISNUMBER($T13),$T13<>""),IF(INDEX(Calc!$AE$3:$AE$122,$T13)="","—",INDEX(Calc!$AE$3:$AE$122,$T13)),"") | N13: =IF(AND(ISNUMBER($T13),$T13<>""),IF(INDEX(Calc!$AF$3:$AF$122,$T13)="","—",INDEX(Calc!$AF$3:$AF$122,$T13)),"") | O13: =IF(AND(ISNUMBER($T13),$T13<>""),IF(INDEX(Calc!$AG$3:$AG$122,$T13)="","—",INDEX(Calc!$AG$3:$AG$122,$T13)),"") | P13: =IF(AND(ISNUMBER($T13),$T13<>""),IF(INDEX(Calc!$AJ$3:$AJ$122,$T13)="","—",INDEX(Calc!$AJ$3:$AJ$122,$T13)),"") | Q13: =IF(AND(ISNUMBER($T13),$T13<>""),IF(INDEX(Calc!$AK$3:$AK$122,$T13)="","—",INDEX(Calc!$AK$3:$AK$122,$T13)),"") | R13: =IF(AND(ISNUMBER($T13),$T13<>""),IF(INDEX(Calc!$AL$3:$AL$122,$T13)="","—",INDEX(Calc!$AL$3:$AL$122,$T13)),"") | T13: =IFERROR(MATCH(9,Calc!$AN$3:$AN$122,0),"")
A14: =IF(AND(ISNUMBER($T14),$T14<>""),INDEX(Calc!$S$3:$S$122,$T14),"") | B14: =IF(AND(ISNUMBER($T14),$T14<>""),IF(INDEX(Calc!$T$3:$T$122,$T14)="","—",INDEX(Calc!$T$3:$T$122,$T14)),"") | C14: =IF(AND(ISNUMBER($T14),$T14<>""),IF(INDEX(Calc!$U$3:$U$122,$T14)="","—",INDEX(Calc!$U$3:$U$122,$T14)),"") | D14: =IF(AND(ISNUMBER($T14),$T14<>""),IF(INDEX(Calc!$V$3:$V$122,$T14)="","—",INDEX(Calc!$V$3:$V$122,$T14)),"") | E14: =IF(AND(ISNUMBER($T14),$T14<>""),IF(INDEX(Calc!$W$3:$W$122,$T14)="","—",INDEX(Calc!$W$3:$W$122,$T14)),"") | F14: =IF(AND(ISNUMBER($T14),$T14<>""),IF(INDEX(Calc!$X$3:$X$122,$T14)="","—",INDEX(Calc!$X$3:$X$122,$T14)),"") | G14: =IF(AND(ISNUMBER($T14),$T14<>""),IF(INDEX(Calc!$Y$3:$Y$122,$T14)="","—",INDEX(Calc!$Y$3:$Y$122,$T14)),"") | H14: =IF(AND(ISNUMBER($T14),$T14<>""),IF(INDEX(Calc!$Z$3:$Z$122,$T14)="","—",INDEX(Calc!$Z$3:$Z$122,$T14)),"") | I14: =IF(AND(ISNUMBER($T14),$T14<>""),IF(INDEX(Calc!$AA$3:$AA$122,$T14)="","—",INDEX(Calc!$AA$3:$AA$122,$T14)),"") | J14: =IF(AND(ISNUMBER($T14),$T14<>""),IF(INDEX(Calc!$AB$3:$AB$122,$T14)="","—",INDEX(Calc!$AB$3:$AB$122,$T14)),"") | K14: =IF(AND(ISNUMBER($T14),$T14<>""),IF(INDEX(Calc!$AC$3:$AC$122,$T14)="","—",INDEX(Calc!$AC$3:$AC$122,$T14)),"") | L14: =IF(AND(ISNUMBER($T14),$T14<>""),IF(INDEX(Calc!$AD$3:$AD$122,$T14)="","—",INDEX(Calc!$AD$3:$AD$122,$T14)),"") | M14: =IF(AND(ISNUMBER($T14),$T14<>""),IF(INDEX(Calc!$AE$3:$AE$122,$T14)="","—",INDEX(Calc!$AE$3:$AE$122,$T14)),"") | N14: =IF(AND(ISNUMBER($T14),$T14<>""),IF(INDEX(Calc!$AF$3:$AF$122,$T14)="","—",INDEX(Calc!$AF$3:$AF$122,$T14)),"") | O14: =IF(AND(ISNUMBER($T14),$T14<>""),IF(INDEX(Calc!$AG$3:$AG$122,$T14)="","—",INDEX(Calc!$AG$3:$AG$122,$T14)),"") | P14: =IF(AND(ISNUMBER($T14),$T14<>""),IF(INDEX(Calc!$AJ$3:$AJ$122,$T14)="","—",INDEX(Calc!$AJ$3:$AJ$122,$T14)),"") | Q14: =IF(AND(ISNUMBER($T14),$T14<>""),IF(INDEX(Calc!$AK$3:$AK$122,$T14)="","—",INDEX(Calc!$AK$3:$AK$122,$T14)),"") | R14: =IF(AND(ISNUMBER($T14),$T14<>""),IF(INDEX(Calc!$AL$3:$AL$122,$T14)="","—",INDEX(Calc!$AL$3:$AL$122,$T14)),"") | T14: =IFERROR(MATCH(10,Calc!$AN$3:$AN$122,0),"")
A15: =IF(AND(ISNUMBER($T15),$T15<>""),INDEX(Calc!$S$3:$S$122,$T15),"") | B15: =IF(AND(ISNUMBER($T15),$T15<>""),IF(INDEX(Calc!$T$3:$T$122,$T15)="","—",INDEX(Calc!$T$3:$T$122,$T15)),"") | C15: =IF(AND(ISNUMBER($T15),$T15<>""),IF(INDEX(Calc!$U$3:$U$122,$T15)="","—",INDEX(Calc!$U$3:$U$122,$T15)),"") | D15: =IF(AND(ISNUMBER($T15),$T15<>""),IF(INDEX(Calc!$V$3:$V$122,$T15)="","—",INDEX(Calc!$V$3:$V$122,$T15)),"") | E15: =IF(AND(ISNUMBER($T15),$T15<>""),IF(INDEX(Calc!$W$3:$W$122,$T15)="","—",INDEX(Calc!$W$3:$W$122,$T15)),"") | F15: =IF(AND(ISNUMBER($T15),$T15<>""),IF(INDEX(Calc!$X$3:$X$122,$T15)="","—",INDEX(Calc!$X$3:$X$122,$T15)),"") | G15: =IF(AND(ISNUMBER($T15),$T15<>""),IF(INDEX(Calc!$Y$3:$Y$122,$T15)="","—",INDEX(Calc!$Y$3:$Y$122,$T15)),"") | H15: =IF(AND(ISNUMBER($T15),$T15<>""),IF(INDEX(Calc!$Z$3:$Z$122,$T15)="","—",INDEX(Calc!$Z$3:$Z$122,$T15)),"") | I15: =IF(AND(ISNUMBER($T15),$T15<>""),IF(INDEX(Calc!$AA$3:$AA$122,$T15)="","—",INDEX(Calc!$AA$3:$AA$122,$T15)),"") | J15: =IF(AND(ISNUMBER($T15),$T15<>""),IF(INDEX(Calc!$AB$3:$AB$122,$T15)="","—",INDEX(Calc!$AB$3:$AB$122,$T15)),"") | K15: =IF(AND(ISNUMBER($T15),$T15<>""),IF(INDEX(Calc!$AC$3:$AC$122,$T15)="","—",INDEX(Calc!$AC$3:$AC$122,$T15)),"") | L15: =IF(AND(ISNUMBER($T15),$T15<>""),IF(INDEX(Calc!$AD$3:$AD$122,$T15)="","—",INDEX(Calc!$AD$3:$AD$122,$T15)),"") | M15: =IF(AND(ISNUMBER($T15),$T15<>""),IF(INDEX(Calc!$AE$3:$AE$122,$T15)="","—",INDEX(Calc!$AE$3:$AE$122,$T15)),"") | N15: =IF(AND(ISNUMBER($T15),$T15<>""),IF(INDEX(Calc!$AF$3:$AF$122,$T15)="","—",INDEX(Calc!$AF$3:$AF$122,$T15)),"") | O15: =IF(AND(ISNUMBER($T15),$T15<>""),IF(INDEX(Calc!$AG$3:$AG$122,$T15)="","—",INDEX(Calc!$AG$3:$AG$122,$T15)),"") | P15: =IF(AND(ISNUMBER($T15),$T15<>""),IF(INDEX(Calc!$AJ$3:$AJ$122,$T15)="","—",INDEX(Calc!$AJ$3:$AJ$122,$T15)),"") | Q15: =IF(AND(ISNUMBER($T15),$T15<>""),IF(INDEX(Calc!$AK$3:$AK$122,$T15)="","—",INDEX(Calc!$AK$3:$AK$122,$T15)),"") | R15: =IF(AND(ISNUMBER($T15),$T15<>""),IF(INDEX(Calc!$AL$3:$AL$122,$T15)="","—",INDEX(Calc!$AL$3:$AL$122,$T15)),"") | T15: =IFERROR(MATCH(11,Calc!$AN$3:$AN$122,0),"")
A16: =IF(AND(ISNUMBER($T16),$T16<>""),INDEX(Calc!$S$3:$S$122,$T16),"") | B16: =IF(AND(ISNUMBER($T16),$T16<>""),IF(INDEX(Calc!$T$3:$T$122,$T16)="","—",INDEX(Calc!$T$3:$T$122,$T16)),"") | C16: =IF(AND(ISNUMBER($T16),$T16<>""),IF(INDEX(Calc!$U$3:$U$122,$T16)="","—",INDEX(Calc!$U$3:$U$122,$T16)),"") | D16: =IF(AND(ISNUMBER($T16),$T16<>""),IF(INDEX(Calc!$V$3:$V$122,$T16)="","—",INDEX(Calc!$V$3:$V$122,$T16)),"") | E16: =IF(AND(ISNUMBER($T16),$T16<>""),IF(INDEX(Calc!$W$3:$W$122,$T16)="","—",INDEX(Calc!$W$3:$W$122,$T16)),"") | F16: =IF(AND(ISNUMBER($T16),$T16<>""),IF(INDEX(Calc!$X$3:$X$122,$T16)="","—",INDEX(Calc!$X$3:$X$122,$T16)),"") | G16: =IF(AND(ISNUMBER($T16),$T16<>""),IF(INDEX(Calc!$Y$3:$Y$122,$T16)="","—",INDEX(Calc!$Y$3:$Y$122,$T16)),"") | H16: =IF(AND(ISNUMBER($T16),$T16<>""),IF(INDEX(Calc!$Z$3:$Z$122,$T16)="","—",INDEX(Calc!$Z$3:$Z$122,$T16)),"") | I16: =IF(AND(ISNUMBER($T16),$T16<>""),IF(INDEX(Calc!$AA$3:$AA$122,$T16)="","—",INDEX(Calc!$AA$3:$AA$122,$T16)),"") | J16: =IF(AND(ISNUMBER($T16),$T16<>""),IF(INDEX(Calc!$AB$3:$AB$122,$T16)="","—",INDEX(Calc!$AB$3:$AB$122,$T16)),"") | K16: =IF(AND(ISNUMBER($T16),$T16<>""),IF(INDEX(Calc!$AC$3:$AC$122,$T16)="","—",INDEX(Calc!$AC$3:$AC$122,$T16)),"") | L16: =IF(AND(ISNUMBER($T16),$T16<>""),IF(INDEX(Calc!$AD$3:$AD$122,$T16)="","—",INDEX(Calc!$AD$3:$AD$122,$T16)),"") | M16: =IF(AND(ISNUMBER($T16),$T16<>""),IF(INDEX(Calc!$AE$3:$AE$122,$T16)="","—",INDEX(Calc!$AE$3:$AE$122,$T16)),"") | N16: =IF(AND(ISNUMBER($T16),$T16<>""),IF(INDEX(Calc!$AF$3:$AF$122,$T16)="","—",INDEX(Calc!$AF$3:$AF$122,$T16)),"") | O16: =IF(AND(ISNUMBER($T16),$T16<>""),IF(INDEX(Calc!$AG$3:$AG$122,$T16)="","—",INDEX(Calc!$AG$3:$AG$122,$T16)),"") | P16: =IF(AND(ISNUMBER($T16),$T16<>""),IF(INDEX(Calc!$AJ$3:$AJ$122,$T16)="","—",INDEX(Calc!$AJ$3:$AJ$122,$T16)),"") | Q16: =IF(AND(ISNUMBER($T16),$T16<>""),IF(INDEX(Calc!$AK$3:$AK$122,$T16)="","—",INDEX(Calc!$AK$3:$AK$122,$T16)),"") | R16: =IF(AND(ISNUMBER($T16),$T16<>""),IF(INDEX(Calc!$AL$3:$AL$122,$T16)="","—",INDEX(Calc!$AL$3:$AL$122,$T16)),"") | T16: =IFERROR(MATCH(12,Calc!$AN$3:$AN$122,0),"")
A17: =IF(AND(ISNUMBER($T17),$T17<>""),INDEX(Calc!$S$3:$S$122,$T17),"") | B17: =IF(AND(ISNUMBER($T17),$T17<>""),IF(INDEX(Calc!$T$3:$T$122,$T17)="","—",INDEX(Calc!$T$3:$T$122,$T17)),"") | C17: =IF(AND(ISNUMBER($T17),$T17<>""),IF(INDEX(Calc!$U$3:$U$122,$T17)="","—",INDEX(Calc!$U$3:$U$122,$T17)),"") | D17: =IF(AND(ISNUMBER($T17),$T17<>""),IF(INDEX(Calc!$V$3:$V$122,$T17)="","—",INDEX(Calc!$V$3:$V$122,$T17)),"") | E17: =IF(AND(ISNUMBER($T17),$T17<>""),IF(INDEX(Calc!$W$3:$W$122,$T17)="","—",INDEX(Calc!$W$3:$W$122,$T17)),"") | F17: =IF(AND(ISNUMBER($T17),$T17<>""),IF(INDEX(Calc!$X$3:$X$122,$T17)="","—",INDEX(Calc!$X$3:$X$122,$T17)),"") | G17: =IF(AND(ISNUMBER($T17),$T17<>""),IF(INDEX(Calc!$Y$3:$Y$122,$T17)="","—",INDEX(Calc!$Y$3:$Y$122,$T17)),"") | H17: =IF(AND(ISNUMBER($T17),$T17<>""),IF(INDEX(Calc!$Z$3:$Z$122,$T17)="","—",INDEX(Calc!$Z$3:$Z$122,$T17)),"") | I17: =IF(AND(ISNUMBER($T17),$T17<>""),IF(INDEX(Calc!$AA$3:$AA$122,$T17)="","—",INDEX(Calc!$AA$3:$AA$122,$T17)),"") | J17: =IF(AND(ISNUMBER($T17),$T17<>""),IF(INDEX(Calc!$AB$3:$AB$122,$T17)="","—",INDEX(Calc!$AB$3:$AB$122,$T17)),"") | K17: =IF(AND(ISNUMBER($T17),$T17<>""),IF(INDEX(Calc!$AC$3:$AC$122,$T17)="","—",INDEX(Calc!$AC$3:$AC$122,$T17)),"") | L17: =IF(AND(ISNUMBER($T17),$T17<>""),IF(INDEX(Calc!$AD$3:$AD$122,$T17)="","—",INDEX(Calc!$AD$3:$AD$122,$T17)),"") | M17: =IF(AND(ISNUMBER($T17),$T17<>""),IF(INDEX(Calc!$AE$3:$AE$122,$T17)="","—",INDEX(Calc!$AE$3:$AE$122,$T17)),"") | N17: =IF(AND(ISNUMBER($T17),$T17<>""),IF(INDEX(Calc!$AF$3:$AF$122,$T17)="","—",INDEX(Calc!$AF$3:$AF$122,$T17)),"") | O17: =IF(AND(ISNUMBER($T17),$T17<>""),IF(INDEX(Calc!$AG$3:$AG$122,$T17)="","—",INDEX(Calc!$AG$3:$AG$122,$T17)),"") | P17: =IF(AND(ISNUMBER($T17),$T17<>""),IF(INDEX(Calc!$AJ$3:$AJ$122,$T17)="","—",INDEX(Calc!$AJ$3:$AJ$122,$T17)),"") | Q17: =IF(AND(ISNUMBER($T17),$T17<>""),IF(INDEX(Calc!$AK$3:$AK$122,$T17)="","—",INDEX(Calc!$AK$3:$AK$122,$T17)),"") | R17: =IF(AND(ISNUMBER($T17),$T17<>""),IF(INDEX(Calc!$AL$3:$AL$122,$T17)="","—",INDEX(Calc!$AL$3:$AL$122,$T17)),"") | T17: =IFERROR(MATCH(13,Calc!$AN$3:$AN$122,0),"")
A18: =IF(AND(ISNUMBER($T18),$T18<>""),INDEX(Calc!$S$3:$S$122,$T18),"") | B18: =IF(AND(ISNUMBER($T18),$T18<>""),IF(INDEX(Calc!$T$3:$T$122,$T18)="","—",INDEX(Calc!$T$3:$T$122,$T18)),"") | C18: =IF(AND(ISNUMBER($T18),$T18<>""),IF(INDEX(Calc!$U$3:$U$122,$T18)="","—",INDEX(Calc!$U$3:$U$122,$T18)),"") | D18: =IF(AND(ISNUMBER($T18),$T18<>""),IF(INDEX(Calc!$V$3:$V$122,$T18)="","—",INDEX(Calc!$V$3:$V$122,$T18)),"") | E18: =IF(AND(ISNUMBER($T18),$T18<>""),IF(INDEX(Calc!$W$3:$W$122,$T18)="","—",INDEX(Calc!$W$3:$W$122,$T18)),"") | F18: =IF(AND(ISNUMBER($T18),$T18<>""),IF(INDEX(Calc!$X$3:$X$122,$T18)="","—",INDEX(Calc!$X$3:$X$122,$T18)),"") | G18: =IF(AND(ISNUMBER($T18),$T18<>""),IF(INDEX(Calc!$Y$3:$Y$122,$T18)="","—",INDEX(Calc!$Y$3:$Y$122,$T18)),"") | H18: =IF(AND(ISNUMBER($T18),$T18<>""),IF(INDEX(Calc!$Z$3:$Z$122,$T18)="","—",INDEX(Calc!$Z$3:$Z$122,$T18)),"") | I18: =IF(AND(ISNUMBER($T18),$T18<>""),IF(INDEX(Calc!$AA$3:$AA$122,$T18)="","—",INDEX(Calc!$AA$3:$AA$122,$T18)),"") | J18: =IF(AND(ISNUMBER($T18),$T18<>""),IF(INDEX(Calc!$AB$3:$AB$122,$T18)="","—",INDEX(Calc!$AB$3:$AB$122,$T18)),"") | K18: =IF(AND(ISNUMBER($T18),$T18<>""),IF(INDEX(Calc!$AC$3:$AC$122,$T18)="","—",INDEX(Calc!$AC$3:$AC$122,$T18)),"") | L18: =IF(AND(ISNUMBER($T18),$T18<>""),IF(INDEX(Calc!$AD$3:$AD$122,$T18)="","—",INDEX(Calc!$AD$3:$AD$122,$T18)),"") | M18: =IF(AND(ISNUMBER($T18),$T18<>""),IF(INDEX(Calc!$AE$3:$AE$122,$T18)="","—",INDEX(Calc!$AE$3:$AE$122,$T18)),"") | N18: =IF(AND(ISNUMBER($T18),$T18<>""),IF(INDEX(Calc!$AF$3:$AF$122,$T18)="","—",INDEX(Calc!$AF$3:$AF$122,$T18)),"") | O18: =IF(AND(ISNUMBER($T18),$T18<>""),IF(INDEX(Calc!$AG$3:$AG$122,$T18)="","—",INDEX(Calc!$AG$3:$AG$122,$T18)),"") | P18: =IF(AND(ISNUMBER($T18),$T18<>""),IF(INDEX(Calc!$AJ$3:$AJ$122,$T18)="","—",INDEX(Calc!$AJ$3:$AJ$122,$T18)),"") | Q18: =IF(AND(ISNUMBER($T18),$T18<>""),IF(INDEX(Calc!$AK$3:$AK$122,$T18)="","—",INDEX(Calc!$AK$3:$AK$122,$T18)),"") | R18: =IF(AND(ISNUMBER($T18),$T18<>""),IF(INDEX(Calc!$AL$3:$AL$122,$T18)="","—",INDEX(Calc!$AL$3:$AL$122,$T18)),"") | T18: =IFERROR(MATCH(14,Calc!$AN$3:$AN$122,0),"")
A19: =IF(AND(ISNUMBER($T19),$T19<>""),INDEX(Calc!$S$3:$S$122,$T19),"") | B19: =IF(AND(ISNUMBER($T19),$T19<>""),IF(INDEX(Calc!$T$3:$T$122,$T19)="","—",INDEX(Calc!$T$3:$T$122,$T19)),"") | C19: =IF(AND(ISNUMBER($T19),$T19<>""),IF(INDEX(Calc!$U$3:$U$122,$T19)="","—",INDEX(Calc!$U$3:$U$122,$T19)),"") | D19: =IF(AND(ISNUMBER($T19),$T19<>""),IF(INDEX(Calc!$V$3:$V$122,$T19)="","—",INDEX(Calc!$V$3:$V$122,$T19)),"") | E19: =IF(AND(ISNUMBER($T19),$T19<>""),IF(INDEX(Calc!$W$3:$W$122,$T19)="","—",INDEX(Calc!$W$3:$W$122,$T19)),"") | F19: =IF(AND(ISNUMBER($T19),$T19<>""),IF(INDEX(Calc!$X$3:$X$122,$T19)="","—",INDEX(Calc!$X$3:$X$122,$T19)),"") | G19: =IF(AND(ISNUMBER($T19),$T19<>""),IF(INDEX(Calc!$Y$3:$Y$122,$T19)="","—",INDEX(Calc!$Y$3:$Y$122,$T19)),"") | H19: =IF(AND(ISNUMBER($T19),$T19<>""),IF(INDEX(Calc!$Z$3:$Z$122,$T19)="","—",INDEX(Calc!$Z$3:$Z$122,$T19)),"") | I19: =IF(AND(ISNUMBER($T19),$T19<>""),IF(INDEX(Calc!$AA$3:$AA$122,$T19)="","—",INDEX(Calc!$AA$3:$AA$122,$T19)),"") | J19: =IF(AND(ISNUMBER($T19),$T19<>""),IF(INDEX(Calc!$AB$3:$AB$122,$T19)="","—",INDEX(Calc!$AB$3:$AB$122,$T19)),"") | K19: =IF(AND(ISNUMBER($T19),$T19<>""),IF(INDEX(Calc!$AC$3:$AC$122,$T19)="","—",INDEX(Calc!$AC$3:$AC$122,$T19)),"") | L19: =IF(AND(ISNUMBER($T19),$T19<>""),IF(INDEX(Calc!$AD$3:$AD$122,$T19)="","—",INDEX(Calc!$AD$3:$AD$122,$T19)),"") | M19: =IF(AND(ISNUMBER($T19),$T19<>""),IF(INDEX(Calc!$AE$3:$AE$122,$T19)="","—",INDEX(Calc!$AE$3:$AE$122,$T19)),"") | N19: =IF(AND(ISNUMBER($T19),$T19<>""),IF(INDEX(Calc!$AF$3:$AF$122,$T19)="","—",INDEX(Calc!$AF$3:$AF$122,$T19)),"") | O19: =IF(AND(ISNUMBER($T19),$T19<>""),IF(INDEX(Calc!$AG$3:$AG$122,$T19)="","—",INDEX(Calc!$AG$3:$AG$122,$T19)),"") | P19: =IF(AND(ISNUMBER($T19),$T19<>""),IF(INDEX(Calc!$AJ$3:$AJ$122,$T19)="","—",INDEX(Calc!$AJ$3:$AJ$122,$T19)),"") | Q19: =IF(AND(ISNUMBER($T19),$T19<>""),IF(INDEX(Calc!$AK$3:$AK$122,$T19)="","—",INDEX(Calc!$AK$3:$AK$122,$T19)),"") | R19: =IF(AND(ISNUMBER($T19),$T19<>""),IF(INDEX(Calc!$AL$3:$AL$122,$T19)="","—",INDEX(Calc!$AL$3:$AL$122,$T19)),"") | T19: =IFERROR(MATCH(15,Calc!$AN$3:$AN$122,0),"")
A20: =IF(AND(ISNUMBER($T20),$T20<>""),INDEX(Calc!$S$3:$S$122,$T20),"") | B20: =IF(AND(ISNUMBER($T20),$T20<>""),IF(INDEX(Calc!$T$3:$T$122,$T20)="","—",INDEX(Calc!$T$3:$T$122,$T20)),"") | C20: =IF(AND(ISNUMBER($T20),$T20<>""),IF(INDEX(Calc!$U$3:$U$122,$T20)="","—",INDEX(Calc!$U$3:$U$122,$T20)),"") | D20: =IF(AND(ISNUMBER($T20),$T20<>""),IF(INDEX(Calc!$V$3:$V$122,$T20)="","—",INDEX(Calc!$V$3:$V$122,$T20)),"") | E20: =IF(AND(ISNUMBER($T20),$T20<>""),IF(INDEX(Calc!$W$3:$W$122,$T20)="","—",INDEX(Calc!$W$3:$W$122,$T20)),"") | F20: =IF(AND(ISNUMBER($T20),$T20<>""),IF(INDEX(Calc!$X$3:$X$122,$T20)="","—",INDEX(Calc!$X$3:$X$122,$T20)),"") | G20: =IF(AND(ISNUMBER($T20),$T20<>""),IF(INDEX(Calc!$Y$3:$Y$122,$T20)="","—",INDEX(Calc!$Y$3:$Y$122,$T20)),"") | H20: =IF(AND(ISNUMBER($T20),$T20<>""),IF(INDEX(Calc!$Z$3:$Z$122,$T20)="","—",INDEX(Calc!$Z$3:$Z$122,$T20)),"") | I20: =IF(AND(ISNUMBER($T20),$T20<>""),IF(INDEX(Calc!$AA$3:$AA$122,$T20)="","—",INDEX(Calc!$AA$3:$AA$122,$T20)),"") | J20: =IF(AND(ISNUMBER($T20),$T20<>""),IF(INDEX(Calc!$AB$3:$AB$122,$T20)="","—",INDEX(Calc!$AB$3:$AB$122,$T20)),"") | K20: =IF(AND(ISNUMBER($T20),$T20<>""),IF(INDEX(Calc!$AC$3:$AC$122,$T20)="","—",INDEX(Calc!$AC$3:$AC$122,$T20)),"") | L20: =IF(AND(ISNUMBER($T20),$T20<>""),IF(INDEX(Calc!$AD$3:$AD$122,$T20)="","—",INDEX(Calc!$AD$3:$AD$122,$T20)),"") | M20: =IF(AND(ISNUMBER($T20),$T20<>""),IF(INDEX(Calc!$AE$3:$AE$122,$T20)="","—",INDEX(Calc!$AE$3:$AE$122,$T20)),"") | N20: =IF(AND(ISNUMBER($T20),$T20<>""),IF(INDEX(Calc!$AF$3:$AF$122,$T20)="","—",INDEX(Calc!$AF$3:$AF$122,$T20)),"") | O20: =IF(AND(ISNUMBER($T20),$T20<>""),IF(INDEX(Calc!$AG$3:$AG$122,$T20)="","—",INDEX(Calc!$AG$3:$AG$122,$T20)),"") | P20: =IF(AND(ISNUMBER($T20),$T20<>""),IF(INDEX(Calc!$AJ$3:$AJ$122,$T20)="","—",INDEX(Calc!$AJ$3:$AJ$122,$T20)),"") | Q20: =IF(AND(ISNUMBER($T20),$T20<>""),IF(INDEX(Calc!$AK$3:$AK$122,$T20)="","—",INDEX(Calc!$AK$3:$AK$122,$T20)),"") | R20: =IF(AND(ISNUMBER($T20),$T20<>""),IF(INDEX(Calc!$AL$3:$AL$122,$T20)="","—",INDEX(Calc!$AL$3:$AL$122,$T20)),"") | T20: =IFERROR(MATCH(16,Calc!$AN$3:$AN$122,0),"")
A21: =IF(AND(ISNUMBER($T21),$T21<>""),INDEX(Calc!$S$3:$S$122,$T21),"") | B21: =IF(AND(ISNUMBER($T21),$T21<>""),IF(INDEX(Calc!$T$3:$T$122,$T21)="","—",INDEX(Calc!$T$3:$T$122,$T21)),"") | C21: =IF(AND(ISNUMBER($T21),$T21<>""),IF(INDEX(Calc!$U$3:$U$122,$T21)="","—",INDEX(Calc!$U$3:$U$122,$T21)),"") | D21: =IF(AND(ISNUMBER($T21),$T21<>""),IF(INDEX(Calc!$V$3:$V$122,$T21)="","—",INDEX(Calc!$V$3:$V$122,$T21)),"") | E21: =IF(AND(ISNUMBER($T21),$T21<>""),IF(INDEX(Calc!$W$3:$W$122,$T21)="","—",INDEX(Calc!$W$3:$W$122,$T21)),"") | F21: =IF(AND(ISNUMBER($T21),$T21<>""),IF(INDEX(Calc!$X$3:$X$122,$T21)="","—",INDEX(Calc!$X$3:$X$122,$T21)),"") | G21: =IF(AND(ISNUMBER($T21),$T21<>""),IF(INDEX(Calc!$Y$3:$Y$122,$T21)="","—",INDEX(Calc!$Y$3:$Y$122,$T21)),"") | H21: =IF(AND(ISNUMBER($T21),$T21<>""),IF(INDEX(Calc!$Z$3:$Z$122,$T21)="","—",INDEX(Calc!$Z$3:$Z$122,$T21)),"") | I21: =IF(AND(ISNUMBER($T21),$T21<>""),IF(INDEX(Calc!$AA$3:$AA$122,$T21)="","—",INDEX(Calc!$AA$3:$AA$122,$T21)),"") | J21: =IF(AND(ISNUMBER($T21),$T21<>""),IF(INDEX(Calc!$AB$3:$AB$122,$T21)="","—",INDEX(Calc!$AB$3:$AB$122,$T21)),"") | K21: =IF(AND(ISNUMBER($T21),$T21<>""),IF(INDEX(Calc!$AC$3:$AC$122,$T21)="","—",INDEX(Calc!$AC$3:$AC$122,$T21)),"") | L21: =IF(AND(ISNUMBER($T21),$T21<>""),IF(INDEX(Calc!$AD$3:$AD$122,$T21)="","—",INDEX(Calc!$AD$3:$AD$122,$T21)),"") | M21: =IF(AND(ISNUMBER($T21),$T21<>""),IF(INDEX(Calc!$AE$3:$AE$122,$T21)="","—",INDEX(Calc!$AE$3:$AE$122,$T21)),"") | N21: =IF(AND(ISNUMBER($T21),$T21<>""),IF(INDEX(Calc!$AF$3:$AF$122,$T21)="","—",INDEX(Calc!$AF$3:$AF$122,$T21)),"") | O21: =IF(AND(ISNUMBER($T21),$T21<>""),IF(INDEX(Calc!$AG$3:$AG$122,$T21)="","—",INDEX(Calc!$AG$3:$AG$122,$T21)),"") | P21: =IF(AND(ISNUMBER($T21),$T21<>""),IF(INDEX(Calc!$AJ$3:$AJ$122,$T21)="","—",INDEX(Calc!$AJ$3:$AJ$122,$T21)),"") | Q21: =IF(AND(ISNUMBER($T21),$T21<>""),IF(INDEX(Calc!$AK$3:$AK$122,$T21)="","—",INDEX(Calc!$AK$3:$AK$122,$T21)),"") | R21: =IF(AND(ISNUMBER($T21),$T21<>""),IF(INDEX(Calc!$AL$3:$AL$122,$T21)="","—",INDEX(Calc!$AL$3:$AL$122,$T21)),"") | T21: =IFERROR(MATCH(17,Calc!$AN$3:$AN$122,0),"")
A22: =IF(AND(ISNUMBER($T22),$T22<>""),INDEX(Calc!$S$3:$S$122,$T22),"") | B22: =IF(AND(ISNUMBER($T22),$T22<>""),IF(INDEX(Calc!$T$3:$T$122,$T22)="","—",INDEX(Calc!$T$3:$T$122,$T22)),"") | C22: =IF(AND(ISNUMBER($T22),$T22<>""),IF(INDEX(Calc!$U$3:$U$122,$T22)="","—",INDEX(Calc!$U$3:$U$122,$T22)),"") | D22: =IF(AND(ISNUMBER($T22),$T22<>""),IF(INDEX(Calc!$V$3:$V$122,$T22)="","—",INDEX(Calc!$V$3:$V$122,$T22)),"") | E22: =IF(AND(ISNUMBER($T22),$T22<>""),IF(INDEX(Calc!$W$3:$W$122,$T22)="","—",INDEX(Calc!$W$3:$W$122,$T22)),"") | F22: =IF(AND(ISNUMBER($T22),$T22<>""),IF(INDEX(Calc!$X$3:$X$122,$T22)="","—",INDEX(Calc!$X$3:$X$122,$T22)),"") | G22: =IF(AND(ISNUMBER($T22),$T22<>""),IF(INDEX(Calc!$Y$3:$Y$122,$T22)="","—",INDEX(Calc!$Y$3:$Y$122,$T22)),"") | H22: =IF(AND(ISNUMBER($T22),$T22<>""),IF(INDEX(Calc!$Z$3:$Z$122,$T22)="","—",INDEX(Calc!$Z$3:$Z$122,$T22)),"") | I22: =IF(AND(ISNUMBER($T22),$T22<>""),IF(INDEX(Calc!$AA$3:$AA$122,$T22)="","—",INDEX(Calc!$AA$3:$AA$122,$T22)),"") | J22: =IF(AND(ISNUMBER($T22),$T22<>""),IF(INDEX(Calc!$AB$3:$AB$122,$T22)="","—",INDEX(Calc!$AB$3:$AB$122,$T22)),"") | K22: =IF(AND(ISNUMBER($T22),$T22<>""),IF(INDEX(Calc!$AC$3:$AC$122,$T22)="","—",INDEX(Calc!$AC$3:$AC$122,$T22)),"") | L22: =IF(AND(ISNUMBER($T22),$T22<>""),IF(INDEX(Calc!$AD$3:$AD$122,$T22)="","—",INDEX(Calc!$AD$3:$AD$122,$T22)),"") | M22: =IF(AND(ISNUMBER($T22),$T22<>""),IF(INDEX(Calc!$AE$3:$AE$122,$T22)="","—",INDEX(Calc!$AE$3:$AE$122,$T22)),"") | N22: =IF(AND(ISNUMBER($T22),$T22<>""),IF(INDEX(Calc!$AF$3:$AF$122,$T22)="","—",INDEX(Calc!$AF$3:$AF$122,$T22)),"") | O22: =IF(AND(ISNUMBER($T22),$T22<>""),IF(INDEX(Calc!$AG$3:$AG$122,$T22)="","—",INDEX(Calc!$AG$3:$AG$122,$T22)),"") | P22: =IF(AND(ISNUMBER($T22),$T22<>""),IF(INDEX(Calc!$AJ$3:$AJ$122,$T22)="","—",INDEX(Calc!$AJ$3:$AJ$122,$T22)),"") | Q22: =IF(AND(ISNUMBER($T22),$T22<>""),IF(INDEX(Calc!$AK$3:$AK$122,$T22)="","—",INDEX(Calc!$AK$3:$AK$122,$T22)),"") | R22: =IF(AND(ISNUMBER($T22),$T22<>""),IF(INDEX(Calc!$AL$3:$AL$122,$T22)="","—",INDEX(Calc!$AL$3:$AL$122,$T22)),"") | T22: =IFERROR(MATCH(18,Calc!$AN$3:$AN$122,0),"")
A23: =IF(AND(ISNUMBER($T23),$T23<>""),INDEX(Calc!$S$3:$S$122,$T23),"") | B23: =IF(AND(ISNUMBER($T23),$T23<>""),IF(INDEX(Calc!$T$3:$T$122,$T23)="","—",INDEX(Calc!$T$3:$T$122,$T23)),"") | C23: =IF(AND(ISNUMBER($T23),$T23<>""),IF(INDEX(Calc!$U$3:$U$122,$T23)="","—",INDEX(Calc!$U$3:$U$122,$T23)),"") | D23: =IF(AND(ISNUMBER($T23),$T23<>""),IF(INDEX(Calc!$V$3:$V$122,$T23)="","—",INDEX(Calc!$V$3:$V$122,$T23)),"") | E23: =IF(AND(ISNUMBER($T23),$T23<>""),IF(INDEX(Calc!$W$3:$W$122,$T23)="","—",INDEX(Calc!$W$3:$W$122,$T23)),"") | F23: =IF(AND(ISNUMBER($T23),$T23<>""),IF(INDEX(Calc!$X$3:$X$122,$T23)="","—",INDEX(Calc!$X$3:$X$122,$T23)),"") | G23: =IF(AND(ISNUMBER($T23),$T23<>""),IF(INDEX(Calc!$Y$3:$Y$122,$T23)="","—",INDEX(Calc!$Y$3:$Y$122,$T23)),"") | H23: =IF(AND(ISNUMBER($T23),$T23<>""),IF(INDEX(Calc!$Z$3:$Z$122,$T23)="","—",INDEX(Calc!$Z$3:$Z$122,$T23)),"") | I23: =IF(AND(ISNUMBER($T23),$T23<>""),IF(INDEX(Calc!$AA$3:$AA$122,$T23)="","—",INDEX(Calc!$AA$3:$AA$122,$T23)),"") | J23: =IF(AND(ISNUMBER($T23),$T23<>""),IF(INDEX(Calc!$AB$3:$AB$122,$T23)="","—",INDEX(Calc!$AB$3:$AB$122,$T23)),"") | K23: =IF(AND(ISNUMBER($T23),$T23<>""),IF(INDEX(Calc!$AC$3:$AC$122,$T23)="","—",INDEX(Calc!$AC$3:$AC$122,$T23)),"") | L23: =IF(AND(ISNUMBER($T23),$T23<>""),IF(INDEX(Calc!$AD$3:$AD$122,$T23)="","—",INDEX(Calc!$AD$3:$AD$122,$T23)),"") | M23: =IF(AND(ISNUMBER($T23),$T23<>""),IF(INDEX(Calc!$AE$3:$AE$122,$T23)="","—",INDEX(Calc!$AE$3:$AE$122,$T23)),"") | N23: =IF(AND(ISNUMBER($T23),$T23<>""),IF(INDEX(Calc!$AF$3:$AF$122,$T23)="","—",INDEX(Calc!$AF$3:$AF$122,$T23)),"") | O23: =IF(AND(ISNUMBER($T23),$T23<>""),IF(INDEX(Calc!$AG$3:$AG$122,$T23)="","—",INDEX(Calc!$AG$3:$AG$122,$T23)),"") | P23: =IF(AND(ISNUMBER($T23),$T23<>""),IF(INDEX(Calc!$AJ$3:$AJ$122,$T23)="","—",INDEX(Calc!$AJ$3:$AJ$122,$T23)),"") | Q23: =IF(AND(ISNUMBER($T23),$T23<>""),IF(INDEX(Calc!$AK$3:$AK$122,$T23)="","—",INDEX(Calc!$AK$3:$AK$122,$T23)),"") | R23: =IF(AND(ISNUMBER($T23),$T23<>""),IF(INDEX(Calc!$AL$3:$AL$122,$T23)="","—",INDEX(Calc!$AL$3:$AL$122,$T23)),"") | T23: =IFERROR(MATCH(19,Calc!$AN$3:$AN$122,0),"")
A24: =IF(AND(ISNUMBER($T24),$T24<>""),INDEX(Calc!$S$3:$S$122,$T24),"") | B24: =IF(AND(ISNUMBER($T24),$T24<>""),IF(INDEX(Calc!$T$3:$T$122,$T24)="","—",INDEX(Calc!$T$3:$T$122,$T24)),"") | C24: =IF(AND(ISNUMBER($T24),$T24<>""),IF(INDEX(Calc!$U$3:$U$122,$T24)="","—",INDEX(Calc!$U$3:$U$122,$T24)),"") | D24: =IF(AND(ISNUMBER($T24),$T24<>""),IF(INDEX(Calc!$V$3:$V$122,$T24)="","—",INDEX(Calc!$V$3:$V$122,$T24)),"") | E24: =IF(AND(ISNUMBER($T24),$T24<>""),IF(INDEX(Calc!$W$3:$W$122,$T24)="","—",INDEX(Calc!$W$3:$W$122,$T24)),"") | F24: =IF(AND(ISNUMBER($T24),$T24<>""),IF(INDEX(Calc!$X$3:$X$122,$T24)="","—",INDEX(Calc!$X$3:$X$122,$T24)),"") | G24: =IF(AND(ISNUMBER($T24),$T24<>""),IF(INDEX(Calc!$Y$3:$Y$122,$T24)="","—",INDEX(Calc!$Y$3:$Y$122,$T24)),"") | H24: =IF(AND(ISNUMBER($T24),$T24<>""),IF(INDEX(Calc!$Z$3:$Z$122,$T24)="","—",INDEX(Calc!$Z$3:$Z$122,$T24)),"") | I24: =IF(AND(ISNUMBER($T24),$T24<>""),IF(INDEX(Calc!$AA$3:$AA$122,$T24)="","—",INDEX(Calc!$AA$3:$AA$122,$T24)),"") | J24: =IF(AND(ISNUMBER($T24),$T24<>""),IF(INDEX(Calc!$AB$3:$AB$122,$T24)="","—",INDEX(Calc!$AB$3:$AB$122,$T24)),"") | K24: =IF(AND(ISNUMBER($T24),$T24<>""),IF(INDEX(Calc!$AC$3:$AC$122,$T24)="","—",INDEX(Calc!$AC$3:$AC$122,$T24)),"") | L24: =IF(AND(ISNUMBER($T24),$T24<>""),IF(INDEX(Calc!$AD$3:$AD$122,$T24)="","—",INDEX(Calc!$AD$3:$AD$122,$T24)),"") | M24: =IF(AND(ISNUMBER($T24),$T24<>""),IF(INDEX(Calc!$AE$3:$AE$122,$T24)="","—",INDEX(Calc!$AE$3:$AE$122,$T24)),"") | N24: =IF(AND(ISNUMBER($T24),$T24<>""),IF(INDEX(Calc!$AF$3:$AF$122,$T24)="","—",INDEX(Calc!$AF$3:$AF$122,$T24)),"") | O24: =IF(AND(ISNUMBER($T24),$T24<>""),IF(INDEX(Calc!$AG$3:$AG$122,$T24)="","—",INDEX(Calc!$AG$3:$AG$122,$T24)),"") | P24: =IF(AND(ISNUMBER($T24),$T24<>""),IF(INDEX(Calc!$AJ$3:$AJ$122,$T24)="","—",INDEX(Calc!$AJ$3:$AJ$122,$T24)),"") | Q24: =IF(AND(ISNUMBER($T24),$T24<>""),IF(INDEX(Calc!$AK$3:$AK$122,$T24)="","—",INDEX(Calc!$AK$3:$AK$122,$T24)),"") | R24: =IF(AND(ISNUMBER($T24),$T24<>""),IF(INDEX(Calc!$AL$3:$AL$122,$T24)="","—",INDEX(Calc!$AL$3:$AL$122,$T24)),"") | T24: =IFERROR(MATCH(20,Calc!$AN$3:$AN$122,0),"")
A25: =IF(AND(ISNUMBER($T25),$T25<>""),INDEX(Calc!$S$3:$S$122,$T25),"") | B25: =IF(AND(ISNUMBER($T25),$T25<>""),IF(INDEX(Calc!$T$3:$T$122,$T25)="","—",INDEX(Calc!$T$3:$T$122,$T25)),"") | C25: =IF(AND(ISNUMBER($T25),$T25<>""),IF(INDEX(Calc!$U$3:$U$122,$T25)="","—",INDEX(Calc!$U$3:$U$122,$T25)),"") | D25: =IF(AND(ISNUMBER($T25),$T25<>""),IF(INDEX(Calc!$V$3:$V$122,$T25)="","—",INDEX(Calc!$V$3:$V$122,$T25)),"") | E25: =IF(AND(ISNUMBER($T25),$T25<>""),IF(INDEX(Calc!$W$3:$W$122,$T25)="","—",INDEX(Calc!$W$3:$W$122,$T25)),"") | F25: =IF(AND(ISNUMBER($T25),$T25<>""),IF(INDEX(Calc!$X$3:$X$122,$T25)="","—",INDEX(Calc!$X$3:$X$122,$T25)),"") | G25: =IF(AND(ISNUMBER($T25),$T25<>""),IF(INDEX(Calc!$Y$3:$Y$122,$T25)="","—",INDEX(Calc!$Y$3:$Y$122,$T25)),"") | H25: =IF(AND(ISNUMBER($T25),$T25<>""),IF(INDEX(Calc!$Z$3:$Z$122,$T25)="","—",INDEX(Calc!$Z$3:$Z$122,$T25)),"") | I25: =IF(AND(ISNUMBER($T25),$T25<>""),IF(INDEX(Calc!$AA$3:$AA$122,$T25)="","—",INDEX(Calc!$AA$3:$AA$122,$T25)),"") | J25: =IF(AND(ISNUMBER($T25),$T25<>""),IF(INDEX(Calc!$AB$3:$AB$122,$T25)="","—",INDEX(Calc!$AB$3:$AB$122,$T25)),"") | K25: =IF(AND(ISNUMBER($T25),$T25<>""),IF(INDEX(Calc!$AC$3:$AC$122,$T25)="","—",INDEX(Calc!$AC$3:$AC$122,$T25)),"") | L25: =IF(AND(ISNUMBER($T25),$T25<>""),IF(INDEX(Calc!$AD$3:$AD$122,$T25)="","—",INDEX(Calc!$AD$3:$AD$122,$T25)),"") | M25: =IF(AND(ISNUMBER($T25),$T25<>""),IF(INDEX(Calc!$AE$3:$AE$122,$T25)="","—",INDEX(Calc!$AE$3:$AE$122,$T25)),"") | N25: =IF(AND(ISNUMBER($T25),$T25<>""),IF(INDEX(Calc!$AF$3:$AF$122,$T25)="","—",INDEX(Calc!$AF$3:$AF$122,$T25)),"") | O25: =IF(AND(ISNUMBER($T25),$T25<>""),IF(INDEX(Calc!$AG$3:$AG$122,$T25)="","—",INDEX(Calc!$AG$3:$AG$122,$T25)),"") | P25: =IF(AND(ISNUMBER($T25),$T25<>""),IF(INDEX(Calc!$AJ$3:$AJ$122,$T25)="","—",INDEX(Calc!$AJ$3:$AJ$122,$T25)),"") | Q25: =IF(AND(ISNUMBER($T25),$T25<>""),IF(INDEX(Calc!$AK$3:$AK$122,$T25)="","—",INDEX(Calc!$AK$3:$AK$122,$T25)),"") | R25: =IF(AND(ISNUMBER($T25),$T25<>""),IF(INDEX(Calc!$AL$3:$AL$122,$T25)="","—",INDEX(Calc!$AL$3:$AL$122,$T25)),"") | T25: =IFERROR(MATCH(21,Calc!$AN$3:$AN$122,0),"")
A26: =IF(AND(ISNUMBER($T26),$T26<>""),INDEX(Calc!$S$3:$S$122,$T26),"") | B26: =IF(AND(ISNUMBER($T26),$T26<>""),IF(INDEX(Calc!$T$3:$T$122,$T26)="","—",INDEX(Calc!$T$3:$T$122,$T26)),"") | C26: =IF(AND(ISNUMBER($T26),$T26<>""),IF(INDEX(Calc!$U$3:$U$122,$T26)="","—",INDEX(Calc!$U$3:$U$122,$T26)),"") | D26: =IF(AND(ISNUMBER($T26),$T26<>""),IF(INDEX(Calc!$V$3:$V$122,$T26)="","—",INDEX(Calc!$V$3:$V$122,$T26)),"") | E26: =IF(AND(ISNUMBER($T26),$T26<>""),IF(INDEX(Calc!$W$3:$W$122,$T26)="","—",INDEX(Calc!$W$3:$W$122,$T26)),"") | F26: =IF(AND(ISNUMBER($T26),$T26<>""),IF(INDEX(Calc!$X$3:$X$122,$T26)="","—",INDEX(Calc!$X$3:$X$122,$T26)),"") | G26: =IF(AND(ISNUMBER($T26),$T26<>""),IF(INDEX(Calc!$Y$3:$Y$122,$T26)="","—",INDEX(Calc!$Y$3:$Y$122,$T26)),"") | H26: =IF(AND(ISNUMBER($T26),$T26<>""),IF(INDEX(Calc!$Z$3:$Z$122,$T26)="","—",INDEX(Calc!$Z$3:$Z$122,$T26)),"") | I26: =IF(AND(ISNUMBER($T26),$T26<>""),IF(INDEX(Calc!$AA$3:$AA$122,$T26)="","—",INDEX(Calc!$AA$3:$AA$122,$T26)),"") | J26: =IF(AND(ISNUMBER($T26),$T26<>""),IF(INDEX(Calc!$AB$3:$AB$122,$T26)="","—",INDEX(Calc!$AB$3:$AB$122,$T26)),"") | K26: =IF(AND(ISNUMBER($T26),$T26<>""),IF(INDEX(Calc!$AC$3:$AC$122,$T26)="","—",INDEX(Calc!$AC$3:$AC$122,$T26)),"") | L26: =IF(AND(ISNUMBER($T26),$T26<>""),IF(INDEX(Calc!$AD$3:$AD$122,$T26)="","—",INDEX(Calc!$AD$3:$AD$122,$T26)),"") | M26: =IF(AND(ISNUMBER($T26),$T26<>""),IF(INDEX(Calc!$AE$3:$AE$122,$T26)="","—",INDEX(Calc!$AE$3:$AE$122,$T26)),"") | N26: =IF(AND(ISNUMBER($T26),$T26<>""),IF(INDEX(Calc!$AF$3:$AF$122,$T26)="","—",INDEX(Calc!$AF$3:$AF$122,$T26)),"") | O26: =IF(AND(ISNUMBER($T26),$T26<>""),IF(INDEX(Calc!$AG$3:$AG$122,$T26)="","—",INDEX(Calc!$AG$3:$AG$122,$T26)),"") | P26: =IF(AND(ISNUMBER($T26),$T26<>""),IF(INDEX(Calc!$AJ$3:$AJ$122,$T26)="","—",INDEX(Calc!$AJ$3:$AJ$122,$T26)),"") | Q26: =IF(AND(ISNUMBER($T26),$T26<>""),IF(INDEX(Calc!$AK$3:$AK$122,$T26)="","—",INDEX(Calc!$AK$3:$AK$122,$T26)),"") | R26: =IF(AND(ISNUMBER($T26),$T26<>""),IF(INDEX(Calc!$AL$3:$AL$122,$T26)="","—",INDEX(Calc!$AL$3:$AL$122,$T26)),"") | T26: =IFERROR(MATCH(22,Calc!$AN$3:$AN$122,0),"")
A27: =IF(AND(ISNUMBER($T27),$T27<>""),INDEX(Calc!$S$3:$S$122,$T27),"") | B27: =IF(AND(ISNUMBER($T27),$T27<>""),IF(INDEX(Calc!$T$3:$T$122,$T27)="","—",INDEX(Calc!$T$3:$T$122,$T27)),"") | C27: =IF(AND(ISNUMBER($T27),$T27<>""),IF(INDEX(Calc!$U$3:$U$122,$T27)="","—",INDEX(Calc!$U$3:$U$122,$T27)),"") | D27: =IF(AND(ISNUMBER($T27),$T27<>""),IF(INDEX(Calc!$V$3:$V$122,$T27)="","—",INDEX(Calc!$V$3:$V$122,$T27)),"") | E27: =IF(AND(ISNUMBER($T27),$T27<>""),IF(INDEX(Calc!$W$3:$W$122,$T27)="","—",INDEX(Calc!$W$3:$W$122,$T27)),"") | F27: =IF(AND(ISNUMBER($T27),$T27<>""),IF(INDEX(Calc!$X$3:$X$122,$T27)="","—",INDEX(Calc!$X$3:$X$122,$T27)),"") | G27: =IF(AND(ISNUMBER($T27),$T27<>""),IF(INDEX(Calc!$Y$3:$Y$122,$T27)="","—",INDEX(Calc!$Y$3:$Y$122,$T27)),"") | H27: =IF(AND(ISNUMBER($T27),$T27<>""),IF(INDEX(Calc!$Z$3:$Z$122,$T27)="","—",INDEX(Calc!$Z$3:$Z$122,$T27)),"") | I27: =IF(AND(ISNUMBER($T27),$T27<>""),IF(INDEX(Calc!$AA$3:$AA$122,$T27)="","—",INDEX(Calc!$AA$3:$AA$122,$T27)),"") | J27: =IF(AND(ISNUMBER($T27),$T27<>""),IF(INDEX(Calc!$AB$3:$AB$122,$T27)="","—",INDEX(Calc!$AB$3:$AB$122,$T27)),"") | K27: =IF(AND(ISNUMBER($T27),$T27<>""),IF(INDEX(Calc!$AC$3:$AC$122,$T27)="","—",INDEX(Calc!$AC$3:$AC$122,$T27)),"") | L27: =IF(AND(ISNUMBER($T27),$T27<>""),IF(INDEX(Calc!$AD$3:$AD$122,$T27)="","—",INDEX(Calc!$AD$3:$AD$122,$T27)),"") | M27: =IF(AND(ISNUMBER($T27),$T27<>""),IF(INDEX(Calc!$AE$3:$AE$122,$T27)="","—",INDEX(Calc!$AE$3:$AE$122,$T27)),"") | N27: =IF(AND(ISNUMBER($T27),$T27<>""),IF(INDEX(Calc!$AF$3:$AF$122,$T27)="","—",INDEX(Calc!$AF$3:$AF$122,$T27)),"") | O27: =IF(AND(ISNUMBER($T27),$T27<>""),IF(INDEX(Calc!$AG$3:$AG$122,$T27)="","—",INDEX(Calc!$AG$3:$AG$122,$T27)),"") | P27: =IF(AND(ISNUMBER($T27),$T27<>""),IF(INDEX(Calc!$AJ$3:$AJ$122,$T27)="","—",INDEX(Calc!$AJ$3:$AJ$122,$T27)),"") | Q27: =IF(AND(ISNUMBER($T27),$T27<>""),IF(INDEX(Calc!$AK$3:$AK$122,$T27)="","—",INDEX(Calc!$AK$3:$AK$122,$T27)),"") | R27: =IF(AND(ISNUMBER($T27),$T27<>""),IF(INDEX(Calc!$AL$3:$AL$122,$T27)="","—",INDEX(Calc!$AL$3:$AL$122,$T27)),"") | T27: =IFERROR(MATCH(23,Calc!$AN$3:$AN$122,0),"")
A28: =IF(AND(ISNUMBER($T28),$T28<>""),INDEX(Calc!$S$3:$S$122,$T28),"") | B28: =IF(AND(ISNUMBER($T28),$T28<>""),IF(INDEX(Calc!$T$3:$T$122,$T28)="","—",INDEX(Calc!$T$3:$T$122,$T28)),"") | C28: =IF(AND(ISNUMBER($T28),$T28<>""),IF(INDEX(Calc!$U$3:$U$122,$T28)="","—",INDEX(Calc!$U$3:$U$122,$T28)),"") | D28: =IF(AND(ISNUMBER($T28),$T28<>""),IF(INDEX(Calc!$V$3:$V$122,$T28)="","—",INDEX(Calc!$V$3:$V$122,$T28)),"") | E28: =IF(AND(ISNUMBER($T28),$T28<>""),IF(INDEX(Calc!$W$3:$W$122,$T28)="","—",INDEX(Calc!$W$3:$W$122,$T28)),"") | F28: =IF(AND(ISNUMBER($T28),$T28<>""),IF(INDEX(Calc!$X$3:$X$122,$T28)="","—",INDEX(Calc!$X$3:$X$122,$T28)),"") | G28: =IF(AND(ISNUMBER($T28),$T28<>""),IF(INDEX(Calc!$Y$3:$Y$122,$T28)="","—",INDEX(Calc!$Y$3:$Y$122,$T28)),"") | H28: =IF(AND(ISNUMBER($T28),$T28<>""),IF(INDEX(Calc!$Z$3:$Z$122,$T28)="","—",INDEX(Calc!$Z$3:$Z$122,$T28)),"") | I28: =IF(AND(ISNUMBER($T28),$T28<>""),IF(INDEX(Calc!$AA$3:$AA$122,$T28)="","—",INDEX(Calc!$AA$3:$AA$122,$T28)),"") | J28: =IF(AND(ISNUMBER($T28),$T28<>""),IF(INDEX(Calc!$AB$3:$AB$122,$T28)="","—",INDEX(Calc!$AB$3:$AB$122,$T28)),"") | K28: =IF(AND(ISNUMBER($T28),$T28<>""),IF(INDEX(Calc!$AC$3:$AC$122,$T28)="","—",INDEX(Calc!$AC$3:$AC$122,$T28)),"") | L28: =IF(AND(ISNUMBER($T28),$T28<>""),IF(INDEX(Calc!$AD$3:$AD$122,$T28)="","—",INDEX(Calc!$AD$3:$AD$122,$T28)),"") | M28: =IF(AND(ISNUMBER($T28),$T28<>""),IF(INDEX(Calc!$AE$3:$AE$122,$T28)="","—",INDEX(Calc!$AE$3:$AE$122,$T28)),"") | N28: =IF(AND(ISNUMBER($T28),$T28<>""),IF(INDEX(Calc!$AF$3:$AF$122,$T28)="","—",INDEX(Calc!$AF$3:$AF$122,$T28)),"") | O28: =IF(AND(ISNUMBER($T28),$T28<>""),IF(INDEX(Calc!$AG$3:$AG$122,$T28)="","—",INDEX(Calc!$AG$3:$AG$122,$T28)),"") | P28: =IF(AND(ISNUMBER($T28),$T28<>""),IF(INDEX(Calc!$AJ$3:$AJ$122,$T28)="","—",INDEX(Calc!$AJ$3:$AJ$122,$T28)),"") | Q28: =IF(AND(ISNUMBER($T28),$T28<>""),IF(INDEX(Calc!$AK$3:$AK$122,$T28)="","—",INDEX(Calc!$AK$3:$AK$122,$T28)),"") | R28: =IF(AND(ISNUMBER($T28),$T28<>""),IF(INDEX(Calc!$AL$3:$AL$122,$T28)="","—",INDEX(Calc!$AL$3:$AL$122,$T28)),"") | T28: =IFERROR(MATCH(24,Calc!$AN$3:$AN$122,0),"")
A29: =IF(AND(ISNUMBER($T29),$T29<>""),INDEX(Calc!$S$3:$S$122,$T29),"") | B29: =IF(AND(ISNUMBER($T29),$T29<>""),IF(INDEX(Calc!$T$3:$T$122,$T29)="","—",INDEX(Calc!$T$3:$T$122,$T29)),"") | C29: =IF(AND(ISNUMBER($T29),$T29<>""),IF(INDEX(Calc!$U$3:$U$122,$T29)="","—",INDEX(Calc!$U$3:$U$122,$T29)),"") | D29: =IF(AND(ISNUMBER($T29),$T29<>""),IF(INDEX(Calc!$V$3:$V$122,$T29)="","—",INDEX(Calc!$V$3:$V$122,$T29)),"") | E29: =IF(AND(ISNUMBER($T29),$T29<>""),IF(INDEX(Calc!$W$3:$W$122,$T29)="","—",INDEX(Calc!$W$3:$W$122,$T29)),"") | F29: =IF(AND(ISNUMBER($T29),$T29<>""),IF(INDEX(Calc!$X$3:$X$122,$T29)="","—",INDEX(Calc!$X$3:$X$122,$T29)),"") | G29: =IF(AND(ISNUMBER($T29),$T29<>""),IF(INDEX(Calc!$Y$3:$Y$122,$T29)="","—",INDEX(Calc!$Y$3:$Y$122,$T29)),"") | H29: =IF(AND(ISNUMBER($T29),$T29<>""),IF(INDEX(Calc!$Z$3:$Z$122,$T29)="","—",INDEX(Calc!$Z$3:$Z$122,$T29)),"") | I29: =IF(AND(ISNUMBER($T29),$T29<>""),IF(INDEX(Calc!$AA$3:$AA$122,$T29)="","—",INDEX(Calc!$AA$3:$AA$122,$T29)),"") | J29: =IF(AND(ISNUMBER($T29),$T29<>""),IF(INDEX(Calc!$AB$3:$AB$122,$T29)="","—",INDEX(Calc!$AB$3:$AB$122,$T29)),"") | K29: =IF(AND(ISNUMBER($T29),$T29<>""),IF(INDEX(Calc!$AC$3:$AC$122,$T29)="","—",INDEX(Calc!$AC$3:$AC$122,$T29)),"") | L29: =IF(AND(ISNUMBER($T29),$T29<>""),IF(INDEX(Calc!$AD$3:$AD$122,$T29)="","—",INDEX(Calc!$AD$3:$AD$122,$T29)),"") | M29: =IF(AND(ISNUMBER($T29),$T29<>""),IF(INDEX(Calc!$AE$3:$AE$122,$T29)="","—",INDEX(Calc!$AE$3:$AE$122,$T29)),"") | N29: =IF(AND(ISNUMBER($T29),$T29<>""),IF(INDEX(Calc!$AF$3:$AF$122,$T29)="","—",INDEX(Calc!$AF$3:$AF$122,$T29)),"") | O29: =IF(AND(ISNUMBER($T29),$T29<>""),IF(INDEX(Calc!$AG$3:$AG$122,$T29)="","—",INDEX(Calc!$AG$3:$AG$122,$T29)),"") | P29: =IF(AND(ISNUMBER($T29),$T29<>""),IF(INDEX(Calc!$AJ$3:$AJ$122,$T29)="","—",INDEX(Calc!$AJ$3:$AJ$122,$T29)),"") | Q29: =IF(AND(ISNUMBER($T29),$T29<>""),IF(INDEX(Calc!$AK$3:$AK$122,$T29)="","—",INDEX(Calc!$AK$3:$AK$122,$T29)),"") | R29: =IF(AND(ISNUMBER($T29),$T29<>""),IF(INDEX(Calc!$AL$3:$AL$122,$T29)="","—",INDEX(Calc!$AL$3:$AL$122,$T29)),"") | T29: =IFERROR(MATCH(25,Calc!$AN$3:$AN$122,0),"")
A30: =IF(AND(ISNUMBER($T30),$T30<>""),INDEX(Calc!$S$3:$S$122,$T30),"") | B30: =IF(AND(ISNUMBER($T30),$T30<>""),IF(INDEX(Calc!$T$3:$T$122,$T30)="","—",INDEX(Calc!$T$3:$T$122,$T30)),"") | C30: =IF(AND(ISNUMBER($T30),$T30<>""),IF(INDEX(Calc!$U$3:$U$122,$T30)="","—",INDEX(Calc!$U$3:$U$122,$T30)),"") | D30: =IF(AND(ISNUMBER($T30),$T30<>""),IF(INDEX(Calc!$V$3:$V$122,$T30)="","—",INDEX(Calc!$V$3:$V$122,$T30)),"") | E30: =IF(AND(ISNUMBER($T30),$T30<>""),IF(INDEX(Calc!$W$3:$W$122,$T30)="","—",INDEX(Calc!$W$3:$W$122,$T30)),"") | F30: =IF(AND(ISNUMBER($T30),$T30<>""),IF(INDEX(Calc!$X$3:$X$122,$T30)="","—",INDEX(Calc!$X$3:$X$122,$T30)),"") | G30: =IF(AND(ISNUMBER($T30),$T30<>""),IF(INDEX(Calc!$Y$3:$Y$122,$T30)="","—",INDEX(Calc!$Y$3:$Y$122,$T30)),"") | H30: =IF(AND(ISNUMBER($T30),$T30<>""),IF(INDEX(Calc!$Z$3:$Z$122,$T30)="","—",INDEX(Calc!$Z$3:$Z$122,$T30)),"") | I30: =IF(AND(ISNUMBER($T30),$T30<>""),IF(INDEX(Calc!$AA$3:$AA$122,$T30)="","—",INDEX(Calc!$AA$3:$AA$122,$T30)),"") | J30: =IF(AND(ISNUMBER($T30),$T30<>""),IF(INDEX(Calc!$AB$3:$AB$122,$T30)="","—",INDEX(Calc!$AB$3:$AB$122,$T30)),"") | K30: =IF(AND(ISNUMBER($T30),$T30<>""),IF(INDEX(Calc!$AC$3:$AC$122,$T30)="","—",INDEX(Calc!$AC$3:$AC$122,$T30)),"") | L30: =IF(AND(ISNUMBER($T30),$T30<>""),IF(INDEX(Calc!$AD$3:$AD$122,$T30)="","—",INDEX(Calc!$AD$3:$AD$122,$T30)),"") | M30: =IF(AND(ISNUMBER($T30),$T30<>""),IF(INDEX(Calc!$AE$3:$AE$122,$T30)="","—",INDEX(Calc!$AE$3:$AE$122,$T30)),"") | N30: =IF(AND(ISNUMBER($T30),$T30<>""),IF(INDEX(Calc!$AF$3:$AF$122,$T30)="","—",INDEX(Calc!$AF$3:$AF$122,$T30)),"") | O30: =IF(AND(ISNUMBER($T30),$T30<>""),IF(INDEX(Calc!$AG$3:$AG$122,$T30)="","—",INDEX(Calc!$AG$3:$AG$122,$T30)),"") | P30: =IF(AND(ISNUMBER($T30),$T30<>""),IF(INDEX(Calc!$AJ$3:$AJ$122,$T30)="","—",INDEX(Calc!$AJ$3:$AJ$122,$T30)),"") | Q30: =IF(AND(ISNUMBER($T30),$T30<>""),IF(INDEX(Calc!$AK$3:$AK$122,$T30)="","—",INDEX(Calc!$AK$3:$AK$122,$T30)),"") | R30: =IF(AND(ISNUMBER($T30),$T30<>""),IF(INDEX(Calc!$AL$3:$AL$122,$T30)="","—",INDEX(Calc!$AL$3:$AL$122,$T30)),"") | T30: =IFERROR(MATCH(26,Calc!$AN$3:$AN$122,0),"")
A31: =IF(AND(ISNUMBER($T31),$T31<>""),INDEX(Calc!$S$3:$S$122,$T31),"") | B31: =IF(AND(ISNUMBER($T31),$T31<>""),IF(INDEX(Calc!$T$3:$T$122,$T31)="","—",INDEX(Calc!$T$3:$T$122,$T31)),"") | C31: =IF(AND(ISNUMBER($T31),$T31<>""),IF(INDEX(Calc!$U$3:$U$122,$T31)="","—",INDEX(Calc!$U$3:$U$122,$T31)),"") | D31: =IF(AND(ISNUMBER($T31),$T31<>""),IF(INDEX(Calc!$V$3:$V$122,$T31)="","—",INDEX(Calc!$V$3:$V$122,$T31)),"") | E31: =IF(AND(ISNUMBER($T31),$T31<>""),IF(INDEX(Calc!$W$3:$W$122,$T31)="","—",INDEX(Calc!$W$3:$W$122,$T31)),"") | F31: =IF(AND(ISNUMBER($T31),$T31<>""),IF(INDEX(Calc!$X$3:$X$122,$T31)="","—",INDEX(Calc!$X$3:$X$122,$T31)),"") | G31: =IF(AND(ISNUMBER($T31),$T31<>""),IF(INDEX(Calc!$Y$3:$Y$122,$T31)="","—",INDEX(Calc!$Y$3:$Y$122,$T31)),"") | H31: =IF(AND(ISNUMBER($T31),$T31<>""),IF(INDEX(Calc!$Z$3:$Z$122,$T31)="","—",INDEX(Calc!$Z$3:$Z$122,$T31)),"") | I31: =IF(AND(ISNUMBER($T31),$T31<>""),IF(INDEX(Calc!$AA$3:$AA$122,$T31)="","—",INDEX(Calc!$AA$3:$AA$122,$T31)),"") | J31: =IF(AND(ISNUMBER($T31),$T31<>""),IF(INDEX(Calc!$AB$3:$AB$122,$T31)="","—",INDEX(Calc!$AB$3:$AB$122,$T31)),"") | K31: =IF(AND(ISNUMBER($T31),$T31<>""),IF(INDEX(Calc!$AC$3:$AC$122,$T31)="","—",INDEX(Calc!$AC$3:$AC$122,$T31)),"") | L31: =IF(AND(ISNUMBER($T31),$T31<>""),IF(INDEX(Calc!$AD$3:$AD$122,$T31)="","—",INDEX(Calc!$AD$3:$AD$122,$T31)),"") | M31: =IF(AND(ISNUMBER($T31),$T31<>""),IF(INDEX(Calc!$AE$3:$AE$122,$T31)="","—",INDEX(Calc!$AE$3:$AE$122,$T31)),"") | N31: =IF(AND(ISNUMBER($T31),$T31<>""),IF(INDEX(Calc!$AF$3:$AF$122,$T31)="","—",INDEX(Calc!$AF$3:$AF$122,$T31)),"") | O31: =IF(AND(ISNUMBER($T31),$T31<>""),IF(INDEX(Calc!$AG$3:$AG$122,$T31)="","—",INDEX(Calc!$AG$3:$AG$122,$T31)),"") | P31: =IF(AND(ISNUMBER($T31),$T31<>""),IF(INDEX(Calc!$AJ$3:$AJ$122,$T31)="","—",INDEX(Calc!$AJ$3:$AJ$122,$T31)),"") | Q31: =IF(AND(ISNUMBER($T31),$T31<>""),IF(INDEX(Calc!$AK$3:$AK$122,$T31)="","—",INDEX(Calc!$AK$3:$AK$122,$T31)),"") | R31: =IF(AND(ISNUMBER($T31),$T31<>""),IF(INDEX(Calc!$AL$3:$AL$122,$T31)="","—",INDEX(Calc!$AL$3:$AL$122,$T31)),"") | T31: =IFERROR(MATCH(27,Calc!$AN$3:$AN$122,0),"")
A32: =IF(AND(ISNUMBER($T32),$T32<>""),INDEX(Calc!$S$3:$S$122,$T32),"") | B32: =IF(AND(ISNUMBER($T32),$T32<>""),IF(INDEX(Calc!$T$3:$T$122,$T32)="","—",INDEX(Calc!$T$3:$T$122,$T32)),"") | C32: =IF(AND(ISNUMBER($T32),$T32<>""),IF(INDEX(Calc!$U$3:$U$122,$T32)="","—",INDEX(Calc!$U$3:$U$122,$T32)),"") | D32: =IF(AND(ISNUMBER($T32),$T32<>""),IF(INDEX(Calc!$V$3:$V$122,$T32)="","—",INDEX(Calc!$V$3:$V$122,$T32)),"") | E32: =IF(AND(ISNUMBER($T32),$T32<>""),IF(INDEX(Calc!$W$3:$W$122,$T32)="","—",INDEX(Calc!$W$3:$W$122,$T32)),"") | F32: =IF(AND(ISNUMBER($T32),$T32<>""),IF(INDEX(Calc!$X$3:$X$122,$T32)="","—",INDEX(Calc!$X$3:$X$122,$T32)),"") | G32: =IF(AND(ISNUMBER($T32),$T32<>""),IF(INDEX(Calc!$Y$3:$Y$122,$T32)="","—",INDEX(Calc!$Y$3:$Y$122,$T32)),"") | H32: =IF(AND(ISNUMBER($T32),$T32<>""),IF(INDEX(Calc!$Z$3:$Z$122,$T32)="","—",INDEX(Calc!$Z$3:$Z$122,$T32)),"") | I32: =IF(AND(ISNUMBER($T32),$T32<>""),IF(INDEX(Calc!$AA$3:$AA$122,$T32)="","—",INDEX(Calc!$AA$3:$AA$122,$T32)),"") | J32: =IF(AND(ISNUMBER($T32),$T32<>""),IF(INDEX(Calc!$AB$3:$AB$122,$T32)="","—",INDEX(Calc!$AB$3:$AB$122,$T32)),"") | K32: =IF(AND(ISNUMBER($T32),$T32<>""),IF(INDEX(Calc!$AC$3:$AC$122,$T32)="","—",INDEX(Calc!$AC$3:$AC$122,$T32)),"") | L32: =IF(AND(ISNUMBER($T32),$T32<>""),IF(INDEX(Calc!$AD$3:$AD$122,$T32)="","—",INDEX(Calc!$AD$3:$AD$122,$T32)),"") | M32: =IF(AND(ISNUMBER($T32),$T32<>""),IF(INDEX(Calc!$AE$3:$AE$122,$T32)="","—",INDEX(Calc!$AE$3:$AE$122,$T32)),"") | N32: =IF(AND(ISNUMBER($T32),$T32<>""),IF(INDEX(Calc!$AF$3:$AF$122,$T32)="","—",INDEX(Calc!$AF$3:$AF$122,$T32)),"") | O32: =IF(AND(ISNUMBER($T32),$T32<>""),IF(INDEX(Calc!$AG$3:$AG$122,$T32)="","—",INDEX(Calc!$AG$3:$AG$122,$T32)),"") | P32: =IF(AND(ISNUMBER($T32),$T32<>""),IF(INDEX(Calc!$AJ$3:$AJ$122,$T32)="","—",INDEX(Calc!$AJ$3:$AJ$122,$T32)),"") | Q32: =IF(AND(ISNUMBER($T32),$T32<>""),IF(INDEX(Calc!$AK$3:$AK$122,$T32)="","—",INDEX(Calc!$AK$3:$AK$122,$T32)),"") | R32: =IF(AND(ISNUMBER($T32),$T32<>""),IF(INDEX(Calc!$AL$3:$AL$122,$T32)="","—",INDEX(Calc!$AL$3:$AL$122,$T32)),"") | T32: =IFERROR(MATCH(28,Calc!$AN$3:$AN$122,0),"")
A33: =IF(AND(ISNUMBER($T33),$T33<>""),INDEX(Calc!$S$3:$S$122,$T33),"") | B33: =IF(AND(ISNUMBER($T33),$T33<>""),IF(INDEX(Calc!$T$3:$T$122,$T33)="","—",INDEX(Calc!$T$3:$T$122,$T33)),"") | C33: =IF(AND(ISNUMBER($T33),$T33<>""),IF(INDEX(Calc!$U$3:$U$122,$T33)="","—",INDEX(Calc!$U$3:$U$122,$T33)),"") | D33: =IF(AND(ISNUMBER($T33),$T33<>""),IF(INDEX(Calc!$V$3:$V$122,$T33)="","—",INDEX(Calc!$V$3:$V$122,$T33)),"") | E33: =IF(AND(ISNUMBER($T33),$T33<>""),IF(INDEX(Calc!$W$3:$W$122,$T33)="","—",INDEX(Calc!$W$3:$W$122,$T33)),"") | F33: =IF(AND(ISNUMBER($T33),$T33<>""),IF(INDEX(Calc!$X$3:$X$122,$T33)="","—",INDEX(Calc!$X$3:$X$122,$T33)),"") | G33: =IF(AND(ISNUMBER($T33),$T33<>""),IF(INDEX(Calc!$Y$3:$Y$122,$T33)="","—",INDEX(Calc!$Y$3:$Y$122,$T33)),"") | H33: =IF(AND(ISNUMBER($T33),$T33<>""),IF(INDEX(Calc!$Z$3:$Z$122,$T33)="","—",INDEX(Calc!$Z$3:$Z$122,$T33)),"") | I33: =IF(AND(ISNUMBER($T33),$T33<>""),IF(INDEX(Calc!$AA$3:$AA$122,$T33)="","—",INDEX(Calc!$AA$3:$AA$122,$T33)),"") | J33: =IF(AND(ISNUMBER($T33),$T33<>""),IF(INDEX(Calc!$AB$3:$AB$122,$T33)="","—",INDEX(Calc!$AB$3:$AB$122,$T33)),"") | K33: =IF(AND(ISNUMBER($T33),$T33<>""),IF(INDEX(Calc!$AC$3:$AC$122,$T33)="","—",INDEX(Calc!$AC$3:$AC$122,$T33)),"") | L33: =IF(AND(ISNUMBER($T33),$T33<>""),IF(INDEX(Calc!$AD$3:$AD$122,$T33)="","—",INDEX(Calc!$AD$3:$AD$122,$T33)),"") | M33: =IF(AND(ISNUMBER($T33),$T33<>""),IF(INDEX(Calc!$AE$3:$AE$122,$T33)="","—",INDEX(Calc!$AE$3:$AE$122,$T33)),"") | N33: =IF(AND(ISNUMBER($T33),$T33<>""),IF(INDEX(Calc!$AF$3:$AF$122,$T33)="","—",INDEX(Calc!$AF$3:$AF$122,$T33)),"") | O33: =IF(AND(ISNUMBER($T33),$T33<>""),IF(INDEX(Calc!$AG$3:$AG$122,$T33)="","—",INDEX(Calc!$AG$3:$AG$122,$T33)),"") | P33: =IF(AND(ISNUMBER($T33),$T33<>""),IF(INDEX(Calc!$AJ$3:$AJ$122,$T33)="","—",INDEX(Calc!$AJ$3:$AJ$122,$T33)),"") | Q33: =IF(AND(ISNUMBER($T33),$T33<>""),IF(INDEX(Calc!$AK$3:$AK$122,$T33)="","—",INDEX(Calc!$AK$3:$AK$122,$T33)),"") | R33: =IF(AND(ISNUMBER($T33),$T33<>""),IF(INDEX(Calc!$AL$3:$AL$122,$T33)="","—",INDEX(Calc!$AL$3:$AL$122,$T33)),"") | T33: =IFERROR(MATCH(29,Calc!$AN$3:$AN$122,0),"")
A34: =IF(AND(ISNUMBER($T34),$T34<>""),INDEX(Calc!$S$3:$S$122,$T34),"") | B34: =IF(AND(ISNUMBER($T34),$T34<>""),IF(INDEX(Calc!$T$3:$T$122,$T34)="","—",INDEX(Calc!$T$3:$T$122,$T34)),"") | C34: =IF(AND(ISNUMBER($T34),$T34<>""),IF(INDEX(Calc!$U$3:$U$122,$T34)="","—",INDEX(Calc!$U$3:$U$122,$T34)),"") | D34: =IF(AND(ISNUMBER($T34),$T34<>""),IF(INDEX(Calc!$V$3:$V$122,$T34)="","—",INDEX(Calc!$V$3:$V$122,$T34)),"") | E34: =IF(AND(ISNUMBER($T34),$T34<>""),IF(INDEX(Calc!$W$3:$W$122,$T34)="","—",INDEX(Calc!$W$3:$W$122,$T34)),"") | F34: =IF(AND(ISNUMBER($T34),$T34<>""),IF(INDEX(Calc!$X$3:$X$122,$T34)="","—",INDEX(Calc!$X$3:$X$122,$T34)),"") | G34: =IF(AND(ISNUMBER($T34),$T34<>""),IF(INDEX(Calc!$Y$3:$Y$122,$T34)="","—",INDEX(Calc!$Y$3:$Y$122,$T34)),"") | H34: =IF(AND(ISNUMBER($T34),$T34<>""),IF(INDEX(Calc!$Z$3:$Z$122,$T34)="","—",INDEX(Calc!$Z$3:$Z$122,$T34)),"") | I34: =IF(AND(ISNUMBER($T34),$T34<>""),IF(INDEX(Calc!$AA$3:$AA$122,$T34)="","—",INDEX(Calc!$AA$3:$AA$122,$T34)),"") | J34: =IF(AND(ISNUMBER($T34),$T34<>""),IF(INDEX(Calc!$AB$3:$AB$122,$T34)="","—",INDEX(Calc!$AB$3:$AB$122,$T34)),"") | K34: =IF(AND(ISNUMBER($T34),$T34<>""),IF(INDEX(Calc!$AC$3:$AC$122,$T34)="","—",INDEX(Calc!$AC$3:$AC$122,$T34)),"") | L34: =IF(AND(ISNUMBER($T34),$T34<>""),IF(INDEX(Calc!$AD$3:$AD$122,$T34)="","—",INDEX(Calc!$AD$3:$AD$122,$T34)),"") | M34: =IF(AND(ISNUMBER($T34),$T34<>""),IF(INDEX(Calc!$AE$3:$AE$122,$T34)="","—",INDEX(Calc!$AE$3:$AE$122,$T34)),"") | N34: =IF(AND(ISNUMBER($T34),$T34<>""),IF(INDEX(Calc!$AF$3:$AF$122,$T34)="","—",INDEX(Calc!$AF$3:$AF$122,$T34)),"") | O34: =IF(AND(ISNUMBER($T34),$T34<>""),IF(INDEX(Calc!$AG$3:$AG$122,$T34)="","—",INDEX(Calc!$AG$3:$AG$122,$T34)),"") | P34: =IF(AND(ISNUMBER($T34),$T34<>""),IF(INDEX(Calc!$AJ$3:$AJ$122,$T34)="","—",INDEX(Calc!$AJ$3:$AJ$122,$T34)),"") | Q34: =IF(AND(ISNUMBER($T34),$T34<>""),IF(INDEX(Calc!$AK$3:$AK$122,$T34)="","—",INDEX(Calc!$AK$3:$AK$122,$T34)),"") | R34: =IF(AND(ISNUMBER($T34),$T34<>""),IF(INDEX(Calc!$AL$3:$AL$122,$T34)="","—",INDEX(Calc!$AL$3:$AL$122,$T34)),"") | T34: =IFERROR(MATCH(30,Calc!$AN$3:$AN$122,0),"")
A35: =IF(AND(ISNUMBER($T35),$T35<>""),INDEX(Calc!$S$3:$S$122,$T35),"") | B35: =IF(AND(ISNUMBER($T35),$T35<>""),IF(INDEX(Calc!$T$3:$T$122,$T35)="","—",INDEX(Calc!$T$3:$T$122,$T35)),"") | C35: =IF(AND(ISNUMBER($T35),$T35<>""),IF(INDEX(Calc!$U$3:$U$122,$T35)="","—",INDEX(Calc!$U$3:$U$122,$T35)),"") | D35: =IF(AND(ISNUMBER($T35),$T35<>""),IF(INDEX(Calc!$V$3:$V$122,$T35)="","—",INDEX(Calc!$V$3:$V$122,$T35)),"") | E35: =IF(AND(ISNUMBER($T35),$T35<>""),IF(INDEX(Calc!$W$3:$W$122,$T35)="","—",INDEX(Calc!$W$3:$W$122,$T35)),"") | F35: =IF(AND(ISNUMBER($T35),$T35<>""),IF(INDEX(Calc!$X$3:$X$122,$T35)="","—",INDEX(Calc!$X$3:$X$122,$T35)),"") | G35: =IF(AND(ISNUMBER($T35),$T35<>""),IF(INDEX(Calc!$Y$3:$Y$122,$T35)="","—",INDEX(Calc!$Y$3:$Y$122,$T35)),"") | H35: =IF(AND(ISNUMBER($T35),$T35<>""),IF(INDEX(Calc!$Z$3:$Z$122,$T35)="","—",INDEX(Calc!$Z$3:$Z$122,$T35)),"") | I35: =IF(AND(ISNUMBER($T35),$T35<>""),IF(INDEX(Calc!$AA$3:$AA$122,$T35)="","—",INDEX(Calc!$AA$3:$AA$122,$T35)),"") | J35: =IF(AND(ISNUMBER($T35),$T35<>""),IF(INDEX(Calc!$AB$3:$AB$122,$T35)="","—",INDEX(Calc!$AB$3:$AB$122,$T35)),"") | K35: =IF(AND(ISNUMBER($T35),$T35<>""),IF(INDEX(Calc!$AC$3:$AC$122,$T35)="","—",INDEX(Calc!$AC$3:$AC$122,$T35)),"") | L35: =IF(AND(ISNUMBER($T35),$T35<>""),IF(INDEX(Calc!$AD$3:$AD$122,$T35)="","—",INDEX(Calc!$AD$3:$AD$122,$T35)),"") | M35: =IF(AND(ISNUMBER($T35),$T35<>""),IF(INDEX(Calc!$AE$3:$AE$122,$T35)="","—",INDEX(Calc!$AE$3:$AE$122,$T35)),"") | N35: =IF(AND(ISNUMBER($T35),$T35<>""),IF(INDEX(Calc!$AF$3:$AF$122,$T35)="","—",INDEX(Calc!$AF$3:$AF$122,$T35)),"") | O35: =IF(AND(ISNUMBER($T35),$T35<>""),IF(INDEX(Calc!$AG$3:$AG$122,$T35)="","—",INDEX(Calc!$AG$3:$AG$122,$T35)),"") | P35: =IF(AND(ISNUMBER($T35),$T35<>""),IF(INDEX(Calc!$AJ$3:$AJ$122,$T35)="","—",INDEX(Calc!$AJ$3:$AJ$122,$T35)),"") | Q35: =IF(AND(ISNUMBER($T35),$T35<>""),IF(INDEX(Calc!$AK$3:$AK$122,$T35)="","—",INDEX(Calc!$AK$3:$AK$122,$T35)),"") | R35: =IF(AND(ISNUMBER($T35),$T35<>""),IF(INDEX(Calc!$AL$3:$AL$122,$T35)="","—",INDEX(Calc!$AL$3:$AL$122,$T35)),"") | T35: =IFERROR(MATCH(31,Calc!$AN$3:$AN$122,0),"")
A36: =IF(AND(ISNUMBER($T36),$T36<>""),INDEX(Calc!$S$3:$S$122,$T36),"") | B36: =IF(AND(ISNUMBER($T36),$T36<>""),IF(INDEX(Calc!$T$3:$T$122,$T36)="","—",INDEX(Calc!$T$3:$T$122,$T36)),"") | C36: =IF(AND(ISNUMBER($T36),$T36<>""),IF(INDEX(Calc!$U$3:$U$122,$T36)="","—",INDEX(Calc!$U$3:$U$122,$T36)),"") | D36: =IF(AND(ISNUMBER($T36),$T36<>""),IF(INDEX(Calc!$V$3:$V$122,$T36)="","—",INDEX(Calc!$V$3:$V$122,$T36)),"") | E36: =IF(AND(ISNUMBER($T36),$T36<>""),IF(INDEX(Calc!$W$3:$W$122,$T36)="","—",INDEX(Calc!$W$3:$W$122,$T36)),"") | F36: =IF(AND(ISNUMBER($T36),$T36<>""),IF(INDEX(Calc!$X$3:$X$122,$T36)="","—",INDEX(Calc!$X$3:$X$122,$T36)),"") | G36: =IF(AND(ISNUMBER($T36),$T36<>""),IF(INDEX(Calc!$Y$3:$Y$122,$T36)="","—",INDEX(Calc!$Y$3:$Y$122,$T36)),"") | H36: =IF(AND(ISNUMBER($T36),$T36<>""),IF(INDEX(Calc!$Z$3:$Z$122,$T36)="","—",INDEX(Calc!$Z$3:$Z$122,$T36)),"") | I36: =IF(AND(ISNUMBER($T36),$T36<>""),IF(INDEX(Calc!$AA$3:$AA$122,$T36)="","—",INDEX(Calc!$AA$3:$AA$122,$T36)),"") | J36: =IF(AND(ISNUMBER($T36),$T36<>""),IF(INDEX(Calc!$AB$3:$AB$122,$T36)="","—",INDEX(Calc!$AB$3:$AB$122,$T36)),"") | K36: =IF(AND(ISNUMBER($T36),$T36<>""),IF(INDEX(Calc!$AC$3:$AC$122,$T36)="","—",INDEX(Calc!$AC$3:$AC$122,$T36)),"") | L36: =IF(AND(ISNUMBER($T36),$T36<>""),IF(INDEX(Calc!$AD$3:$AD$122,$T36)="","—",INDEX(Calc!$AD$3:$AD$122,$T36)),"") | M36: =IF(AND(ISNUMBER($T36),$T36<>""),IF(INDEX(Calc!$AE$3:$AE$122,$T36)="","—",INDEX(Calc!$AE$3:$AE$122,$T36)),"") | N36: =IF(AND(ISNUMBER($T36),$T36<>""),IF(INDEX(Calc!$AF$3:$AF$122,$T36)="","—",INDEX(Calc!$AF$3:$AF$122,$T36)),"") | O36: =IF(AND(ISNUMBER($T36),$T36<>""),IF(INDEX(Calc!$AG$3:$AG$122,$T36)="","—",INDEX(Calc!$AG$3:$AG$122,$T36)),"") | P36: =IF(AND(ISNUMBER($T36),$T36<>""),IF(INDEX(Calc!$AJ$3:$AJ$122,$T36)="","—",INDEX(Calc!$AJ$3:$AJ$122,$T36)),"") | Q36: =IF(AND(ISNUMBER($T36),$T36<>""),IF(INDEX(Calc!$AK$3:$AK$122,$T36)="","—",INDEX(Calc!$AK$3:$AK$122,$T36)),"") | R36: =IF(AND(ISNUMBER($T36),$T36<>""),IF(INDEX(Calc!$AL$3:$AL$122,$T36)="","—",INDEX(Calc!$AL$3:$AL$122,$T36)),"") | T36: =IFERROR(MATCH(32,Calc!$AN$3:$AN$122,0),"")
A37: =IF(AND(ISNUMBER($T37),$T37<>""),INDEX(Calc!$S$3:$S$122,$T37),"") | B37: =IF(AND(ISNUMBER($T37),$T37<>""),IF(INDEX(Calc!$T$3:$T$122,$T37)="","—",INDEX(Calc!$T$3:$T$122,$T37)),"") | C37: =IF(AND(ISNUMBER($T37),$T37<>""),IF(INDEX(Calc!$U$3:$U$122,$T37)="","—",INDEX(Calc!$U$3:$U$122,$T37)),"") | D37: =IF(AND(ISNUMBER($T37),$T37<>""),IF(INDEX(Calc!$V$3:$V$122,$T37)="","—",INDEX(Calc!$V$3:$V$122,$T37)),"") | E37: =IF(AND(ISNUMBER($T37),$T37<>""),IF(INDEX(Calc!$W$3:$W$122,$T37)="","—",INDEX(Calc!$W$3:$W$122,$T37)),"") | F37: =IF(AND(ISNUMBER($T37),$T37<>""),IF(INDEX(Calc!$X$3:$X$122,$T37)="","—",INDEX(Calc!$X$3:$X$122,$T37)),"") | G37: =IF(AND(ISNUMBER($T37),$T37<>""),IF(INDEX(Calc!$Y$3:$Y$122,$T37)="","—",INDEX(Calc!$Y$3:$Y$122,$T37)),"") | H37: =IF(AND(ISNUMBER($T37),$T37<>""),IF(INDEX(Calc!$Z$3:$Z$122,$T37)="","—",INDEX(Calc!$Z$3:$Z$122,$T37)),"") | I37: =IF(AND(ISNUMBER($T37),$T37<>""),IF(INDEX(Calc!$AA$3:$AA$122,$T37)="","—",INDEX(Calc!$AA$3:$AA$122,$T37)),"") | J37: =IF(AND(ISNUMBER($T37),$T37<>""),IF(INDEX(Calc!$AB$3:$AB$122,$T37)="","—",INDEX(Calc!$AB$3:$AB$122,$T37)),"") | K37: =IF(AND(ISNUMBER($T37),$T37<>""),IF(INDEX(Calc!$AC$3:$AC$122,$T37)="","—",INDEX(Calc!$AC$3:$AC$122,$T37)),"") | L37: =IF(AND(ISNUMBER($T37),$T37<>""),IF(INDEX(Calc!$AD$3:$AD$122,$T37)="","—",INDEX(Calc!$AD$3:$AD$122,$T37)),"") | M37: =IF(AND(ISNUMBER($T37),$T37<>""),IF(INDEX(Calc!$AE$3:$AE$122,$T37)="","—",INDEX(Calc!$AE$3:$AE$122,$T37)),"") | N37: =IF(AND(ISNUMBER($T37),$T37<>""),IF(INDEX(Calc!$AF$3:$AF$122,$T37)="","—",INDEX(Calc!$AF$3:$AF$122,$T37)),"") | O37: =IF(AND(ISNUMBER($T37),$T37<>""),IF(INDEX(Calc!$AG$3:$AG$122,$T37)="","—",INDEX(Calc!$AG$3:$AG$122,$T37)),"") | P37: =IF(AND(ISNUMBER($T37),$T37<>""),IF(INDEX(Calc!$AJ$3:$AJ$122,$T37)="","—",INDEX(Calc!$AJ$3:$AJ$122,$T37)),"") | Q37: =IF(AND(ISNUMBER($T37),$T37<>""),IF(INDEX(Calc!$AK$3:$AK$122,$T37)="","—",INDEX(Calc!$AK$3:$AK$122,$T37)),"") | R37: =IF(AND(ISNUMBER($T37),$T37<>""),IF(INDEX(Calc!$AL$3:$AL$122,$T37)="","—",INDEX(Calc!$AL$3:$AL$122,$T37)),"") | T37: =IFERROR(MATCH(33,Calc!$AN$3:$AN$122,0),"")
A38: =IF(AND(ISNUMBER($T38),$T38<>""),INDEX(Calc!$S$3:$S$122,$T38),"") | B38: =IF(AND(ISNUMBER($T38),$T38<>""),IF(INDEX(Calc!$T$3:$T$122,$T38)="","—",INDEX(Calc!$T$3:$T$122,$T38)),"") | C38: =IF(AND(ISNUMBER($T38),$T38<>""),IF(INDEX(Calc!$U$3:$U$122,$T38)="","—",INDEX(Calc!$U$3:$U$122,$T38)),"") | D38: =IF(AND(ISNUMBER($T38),$T38<>""),IF(INDEX(Calc!$V$3:$V$122,$T38)="","—",INDEX(Calc!$V$3:$V$122,$T38)),"") | E38: =IF(AND(ISNUMBER($T38),$T38<>""),IF(INDEX(Calc!$W$3:$W$122,$T38)="","—",INDEX(Calc!$W$3:$W$122,$T38)),"") | F38: =IF(AND(ISNUMBER($T38),$T38<>""),IF(INDEX(Calc!$X$3:$X$122,$T38)="","—",INDEX(Calc!$X$3:$X$122,$T38)),"") | G38: =IF(AND(ISNUMBER($T38),$T38<>""),IF(INDEX(Calc!$Y$3:$Y$122,$T38)="","—",INDEX(Calc!$Y$3:$Y$122,$T38)),"") | H38: =IF(AND(ISNUMBER($T38),$T38<>""),IF(INDEX(Calc!$Z$3:$Z$122,$T38)="","—",INDEX(Calc!$Z$3:$Z$122,$T38)),"") | I38: =IF(AND(ISNUMBER($T38),$T38<>""),IF(INDEX(Calc!$AA$3:$AA$122,$T38)="","—",INDEX(Calc!$AA$3:$AA$122,$T38)),"") | J38: =IF(AND(ISNUMBER($T38),$T38<>""),IF(INDEX(Calc!$AB$3:$AB$122,$T38)="","—",INDEX(Calc!$AB$3:$AB$122,$T38)),"") | K38: =IF(AND(ISNUMBER($T38),$T38<>""),IF(INDEX(Calc!$AC$3:$AC$122,$T38)="","—",INDEX(Calc!$AC$3:$AC$122,$T38)),"") | L38: =IF(AND(ISNUMBER($T38),$T38<>""),IF(INDEX(Calc!$AD$3:$AD$122,$T38)="","—",INDEX(Calc!$AD$3:$AD$122,$T38)),"") | M38: =IF(AND(ISNUMBER($T38),$T38<>""),IF(INDEX(Calc!$AE$3:$AE$122,$T38)="","—",INDEX(Calc!$AE$3:$AE$122,$T38)),"") | N38: =IF(AND(ISNUMBER($T38),$T38<>""),IF(INDEX(Calc!$AF$3:$AF$122,$T38)="","—",INDEX(Calc!$AF$3:$AF$122,$T38)),"") | O38: =IF(AND(ISNUMBER($T38),$T38<>""),IF(INDEX(Calc!$AG$3:$AG$122,$T38)="","—",INDEX(Calc!$AG$3:$AG$122,$T38)),"") | P38: =IF(AND(ISNUMBER($T38),$T38<>""),IF(INDEX(Calc!$AJ$3:$AJ$122,$T38)="","—",INDEX(Calc!$AJ$3:$AJ$122,$T38)),"") | Q38: =IF(AND(ISNUMBER($T38),$T38<>""),IF(INDEX(Calc!$AK$3:$AK$122,$T38)="","—",INDEX(Calc!$AK$3:$AK$122,$T38)),"") | R38: =IF(AND(ISNUMBER($T38),$T38<>""),IF(INDEX(Calc!$AL$3:$AL$122,$T38)="","—",INDEX(Calc!$AL$3:$AL$122,$T38)),"") | T38: =IFERROR(MATCH(34,Calc!$AN$3:$AN$122,0),"")
A39: =IF(AND(ISNUMBER($T39),$T39<>""),INDEX(Calc!$S$3:$S$122,$T39),"") | B39: =IF(AND(ISNUMBER($T39),$T39<>""),IF(INDEX(Calc!$T$3:$T$122,$T39)="","—",INDEX(Calc!$T$3:$T$122,$T39)),"") | C39: =IF(AND(ISNUMBER($T39),$T39<>""),IF(INDEX(Calc!$U$3:$U$122,$T39)="","—",INDEX(Calc!$U$3:$U$122,$T39)),"") | D39: =IF(AND(ISNUMBER($T39),$T39<>""),IF(INDEX(Calc!$V$3:$V$122,$T39)="","—",INDEX(Calc!$V$3:$V$122,$T39)),"") | E39: =IF(AND(ISNUMBER($T39),$T39<>""),IF(INDEX(Calc!$W$3:$W$122,$T39)="","—",INDEX(Calc!$W$3:$W$122,$T39)),"") | F39: =IF(AND(ISNUMBER($T39),$T39<>""),IF(INDEX(Calc!$X$3:$X$122,$T39)="","—",INDEX(Calc!$X$3:$X$122,$T39)),"") | G39: =IF(AND(ISNUMBER($T39),$T39<>""),IF(INDEX(Calc!$Y$3:$Y$122,$T39)="","—",INDEX(Calc!$Y$3:$Y$122,$T39)),"") | H39: =IF(AND(ISNUMBER($T39),$T39<>""),IF(INDEX(Calc!$Z$3:$Z$122,$T39)="","—",INDEX(Calc!$Z$3:$Z$122,$T39)),"") | I39: =IF(AND(ISNUMBER($T39),$T39<>""),IF(INDEX(Calc!$AA$3:$AA$122,$T39)="","—",INDEX(Calc!$AA$3:$AA$122,$T39)),"") | J39: =IF(AND(ISNUMBER($T39),$T39<>""),IF(INDEX(Calc!$AB$3:$AB$122,$T39)="","—",INDEX(Calc!$AB$3:$AB$122,$T39)),"") | K39: =IF(AND(ISNUMBER($T39),$T39<>""),IF(INDEX(Calc!$AC$3:$AC$122,$T39)="","—",INDEX(Calc!$AC$3:$AC$122,$T39)),"") | L39: =IF(AND(ISNUMBER($T39),$T39<>""),IF(INDEX(Calc!$AD$3:$AD$122,$T39)="","—",INDEX(Calc!$AD$3:$AD$122,$T39)),"") | M39: =IF(AND(ISNUMBER($T39),$T39<>""),IF(INDEX(Calc!$AE$3:$AE$122,$T39)="","—",INDEX(Calc!$AE$3:$AE$122,$T39)),"") | N39: =IF(AND(ISNUMBER($T39),$T39<>""),IF(INDEX(Calc!$AF$3:$AF$122,$T39)="","—",INDEX(Calc!$AF$3:$AF$122,$T39)),"") | O39: =IF(AND(ISNUMBER($T39),$T39<>""),IF(INDEX(Calc!$AG$3:$AG$122,$T39)="","—",INDEX(Calc!$AG$3:$AG$122,$T39)),"") | P39: =IF(AND(ISNUMBER($T39),$T39<>""),IF(INDEX(Calc!$AJ$3:$AJ$122,$T39)="","—",INDEX(Calc!$AJ$3:$AJ$122,$T39)),"") | Q39: =IF(AND(ISNUMBER($T39),$T39<>""),IF(INDEX(Calc!$AK$3:$AK$122,$T39)="","—",INDEX(Calc!$AK$3:$AK$122,$T39)),"") | R39: =IF(AND(ISNUMBER($T39),$T39<>""),IF(INDEX(Calc!$AL$3:$AL$122,$T39)="","—",INDEX(Calc!$AL$3:$AL$122,$T39)),"") | T39: =IFERROR(MATCH(35,Calc!$AN$3:$AN$122,0),"")
A40: =IF(AND(ISNUMBER($T40),$T40<>""),INDEX(Calc!$S$3:$S$122,$T40),"") | B40: =IF(AND(ISNUMBER($T40),$T40<>""),IF(INDEX(Calc!$T$3:$T$122,$T40)="","—",INDEX(Calc!$T$3:$T$122,$T40)),"") | C40: =IF(AND(ISNUMBER($T40),$T40<>""),IF(INDEX(Calc!$U$3:$U$122,$T40)="","—",INDEX(Calc!$U$3:$U$122,$T40)),"") | D40: =IF(AND(ISNUMBER($T40),$T40<>""),IF(INDEX(Calc!$V$3:$V$122,$T40)="","—",INDEX(Calc!$V$3:$V$122,$T40)),"") | E40: =IF(AND(ISNUMBER($T40),$T40<>""),IF(INDEX(Calc!$W$3:$W$122,$T40)="","—",INDEX(Calc!$W$3:$W$122,$T40)),"") | F40: =IF(AND(ISNUMBER($T40),$T40<>""),IF(INDEX(Calc!$X$3:$X$122,$T40)="","—",INDEX(Calc!$X$3:$X$122,$T40)),"") | G40: =IF(AND(ISNUMBER($T40),$T40<>""),IF(INDEX(Calc!$Y$3:$Y$122,$T40)="","—",INDEX(Calc!$Y$3:$Y$122,$T40)),"") | H40: =IF(AND(ISNUMBER($T40),$T40<>""),IF(INDEX(Calc!$Z$3:$Z$122,$T40)="","—",INDEX(Calc!$Z$3:$Z$122,$T40)),"") | I40: =IF(AND(ISNUMBER($T40),$T40<>""),IF(INDEX(Calc!$AA$3:$AA$122,$T40)="","—",INDEX(Calc!$AA$3:$AA$122,$T40)),"") | J40: =IF(AND(ISNUMBER($T40),$T40<>""),IF(INDEX(Calc!$AB$3:$AB$122,$T40)="","—",INDEX(Calc!$AB$3:$AB$122,$T40)),"") | K40: =IF(AND(ISNUMBER($T40),$T40<>""),IF(INDEX(Calc!$AC$3:$AC$122,$T40)="","—",INDEX(Calc!$AC$3:$AC$122,$T40)),"") | L40: =IF(AND(ISNUMBER($T40),$T40<>""),IF(INDEX(Calc!$AD$3:$AD$122,$T40)="","—",INDEX(Calc!$AD$3:$AD$122,$T40)),"") | M40: =IF(AND(ISNUMBER($T40),$T40<>""),IF(INDEX(Calc!$AE$3:$AE$122,$T40)="","—",INDEX(Calc!$AE$3:$AE$122,$T40)),"") | N40: =IF(AND(ISNUMBER($T40),$T40<>""),IF(INDEX(Calc!$AF$3:$AF$122,$T40)="","—",INDEX(Calc!$AF$3:$AF$122,$T40)),"") | O40: =IF(AND(ISNUMBER($T40),$T40<>""),IF(INDEX(Calc!$AG$3:$AG$122,$T40)="","—",INDEX(Calc!$AG$3:$AG$122,$T40)),"") | P40: =IF(AND(ISNUMBER($T40),$T40<>""),IF(INDEX(Calc!$AJ$3:$AJ$122,$T40)="","—",INDEX(Calc!$AJ$3:$AJ$122,$T40)),"") | Q40: =IF(AND(ISNUMBER($T40),$T40<>""),IF(INDEX(Calc!$AK$3:$AK$122,$T40)="","—",INDEX(Calc!$AK$3:$AK$122,$T40)),"") | R40: =IF(AND(ISNUMBER($T40),$T40<>""),IF(INDEX(Calc!$AL$3:$AL$122,$T40)="","—",INDEX(Calc!$AL$3:$AL$122,$T40)),"") | T40: =IFERROR(MATCH(36,Calc!$AN$3:$AN$122,0),"")
A41: =IF(AND(ISNUMBER($T41),$T41<>""),INDEX(Calc!$S$3:$S$122,$T41),"") | B41: =IF(AND(ISNUMBER($T41),$T41<>""),IF(INDEX(Calc!$T$3:$T$122,$T41)="","—",INDEX(Calc!$T$3:$T$122,$T41)),"") | C41: =IF(AND(ISNUMBER($T41),$T41<>""),IF(INDEX(Calc!$U$3:$U$122,$T41)="","—",INDEX(Calc!$U$3:$U$122,$T41)),"") | D41: =IF(AND(ISNUMBER($T41),$T41<>""),IF(INDEX(Calc!$V$3:$V$122,$T41)="","—",INDEX(Calc!$V$3:$V$122,$T41)),"") | E41: =IF(AND(ISNUMBER($T41),$T41<>""),IF(INDEX(Calc!$W$3:$W$122,$T41)="","—",INDEX(Calc!$W$3:$W$122,$T41)),"") | F41: =IF(AND(ISNUMBER($T41),$T41<>""),IF(INDEX(Calc!$X$3:$X$122,$T41)="","—",INDEX(Calc!$X$3:$X$122,$T41)),"") | G41: =IF(AND(ISNUMBER($T41),$T41<>""),IF(INDEX(Calc!$Y$3:$Y$122,$T41)="","—",INDEX(Calc!$Y$3:$Y$122,$T41)),"") | H41: =IF(AND(ISNUMBER($T41),$T41<>""),IF(INDEX(Calc!$Z$3:$Z$122,$T41)="","—",INDEX(Calc!$Z$3:$Z$122,$T41)),"") | I41: =IF(AND(ISNUMBER($T41),$T41<>""),IF(INDEX(Calc!$AA$3:$AA$122,$T41)="","—",INDEX(Calc!$AA$3:$AA$122,$T41)),"") | J41: =IF(AND(ISNUMBER($T41),$T41<>""),IF(INDEX(Calc!$AB$3:$AB$122,$T41)="","—",INDEX(Calc!$AB$3:$AB$122,$T41)),"") | K41: =IF(AND(ISNUMBER($T41),$T41<>""),IF(INDEX(Calc!$AC$3:$AC$122,$T41)="","—",INDEX(Calc!$AC$3:$AC$122,$T41)),"") | L41: =IF(AND(ISNUMBER($T41),$T41<>""),IF(INDEX(Calc!$AD$3:$AD$122,$T41)="","—",INDEX(Calc!$AD$3:$AD$122,$T41)),"") | M41: =IF(AND(ISNUMBER($T41),$T41<>""),IF(INDEX(Calc!$AE$3:$AE$122,$T41)="","—",INDEX(Calc!$AE$3:$AE$122,$T41)),"") | N41: =IF(AND(ISNUMBER($T41),$T41<>""),IF(INDEX(Calc!$AF$3:$AF$122,$T41)="","—",INDEX(Calc!$AF$3:$AF$122,$T41)),"") | O41: =IF(AND(ISNUMBER($T41),$T41<>""),IF(INDEX(Calc!$AG$3:$AG$122,$T41)="","—",INDEX(Calc!$AG$3:$AG$122,$T41)),"") | P41: =IF(AND(ISNUMBER($T41),$T41<>""),IF(INDEX(Calc!$AJ$3:$AJ$122,$T41)="","—",INDEX(Calc!$AJ$3:$AJ$122,$T41)),"") | Q41: =IF(AND(ISNUMBER($T41),$T41<>""),IF(INDEX(Calc!$AK$3:$AK$122,$T41)="","—",INDEX(Calc!$AK$3:$AK$122,$T41)),"") | R41: =IF(AND(ISNUMBER($T41),$T41<>""),IF(INDEX(Calc!$AL$3:$AL$122,$T41)="","—",INDEX(Calc!$AL$3:$AL$122,$T41)),"") | T41: =IFERROR(MATCH(37,Calc!$AN$3:$AN$122,0),"")
A42: =IF(AND(ISNUMBER($T42),$T42<>""),INDEX(Calc!$S$3:$S$122,$T42),"") | B42: =IF(AND(ISNUMBER($T42),$T42<>""),IF(INDEX(Calc!$T$3:$T$122,$T42)="","—",INDEX(Calc!$T$3:$T$122,$T42)),"") | C42: =IF(AND(ISNUMBER($T42),$T42<>""),IF(INDEX(Calc!$U$3:$U$122,$T42)="","—",INDEX(Calc!$U$3:$U$122,$T42)),"") | D42: =IF(AND(ISNUMBER($T42),$T42<>""),IF(INDEX(Calc!$V$3:$V$122,$T42)="","—",INDEX(Calc!$V$3:$V$122,$T42)),"") | E42: =IF(AND(ISNUMBER($T42),$T42<>""),IF(INDEX(Calc!$W$3:$W$122,$T42)="","—",INDEX(Calc!$W$3:$W$122,$T42)),"") | F42: =IF(AND(ISNUMBER($T42),$T42<>""),IF(INDEX(Calc!$X$3:$X$122,$T42)="","—",INDEX(Calc!$X$3:$X$122,$T42)),"") | G42: =IF(AND(ISNUMBER($T42),$T42<>""),IF(INDEX(Calc!$Y$3:$Y$122,$T42)="","—",INDEX(Calc!$Y$3:$Y$122,$T42)),"") | H42: =IF(AND(ISNUMBER($T42),$T42<>""),IF(INDEX(Calc!$Z$3:$Z$122,$T42)="","—",INDEX(Calc!$Z$3:$Z$122,$T42)),"") | I42: =IF(AND(ISNUMBER($T42),$T42<>""),IF(INDEX(Calc!$AA$3:$AA$122,$T42)="","—",INDEX(Calc!$AA$3:$AA$122,$T42)),"") | J42: =IF(AND(ISNUMBER($T42),$T42<>""),IF(INDEX(Calc!$AB$3:$AB$122,$T42)="","—",INDEX(Calc!$AB$3:$AB$122,$T42)),"") | K42: =IF(AND(ISNUMBER($T42),$T42<>""),IF(INDEX(Calc!$AC$3:$AC$122,$T42)="","—",INDEX(Calc!$AC$3:$AC$122,$T42)),"") | L42: =IF(AND(ISNUMBER($T42),$T42<>""),IF(INDEX(Calc!$AD$3:$AD$122,$T42)="","—",INDEX(Calc!$AD$3:$AD$122,$T42)),"") | M42: =IF(AND(ISNUMBER($T42),$T42<>""),IF(INDEX(Calc!$AE$3:$AE$122,$T42)="","—",INDEX(Calc!$AE$3:$AE$122,$T42)),"") | N42: =IF(AND(ISNUMBER($T42),$T42<>""),IF(INDEX(Calc!$AF$3:$AF$122,$T42)="","—",INDEX(Calc!$AF$3:$AF$122,$T42)),"") | O42: =IF(AND(ISNUMBER($T42),$T42<>""),IF(INDEX(Calc!$AG$3:$AG$122,$T42)="","—",INDEX(Calc!$AG$3:$AG$122,$T42)),"") | P42: =IF(AND(ISNUMBER($T42),$T42<>""),IF(INDEX(Calc!$AJ$3:$AJ$122,$T42)="","—",INDEX(Calc!$AJ$3:$AJ$122,$T42)),"") | Q42: =IF(AND(ISNUMBER($T42),$T42<>""),IF(INDEX(Calc!$AK$3:$AK$122,$T42)="","—",INDEX(Calc!$AK$3:$AK$122,$T42)),"") | R42: =IF(AND(ISNUMBER($T42),$T42<>""),IF(INDEX(Calc!$AL$3:$AL$122,$T42)="","—",INDEX(Calc!$AL$3:$AL$122,$T42)),"") | T42: =IFERROR(MATCH(38,Calc!$AN$3:$AN$122,0),"")
A43: =IF(AND(ISNUMBER($T43),$T43<>""),INDEX(Calc!$S$3:$S$122,$T43),"") | B43: =IF(AND(ISNUMBER($T43),$T43<>""),IF(INDEX(Calc!$T$3:$T$122,$T43)="","—",INDEX(Calc!$T$3:$T$122,$T43)),"") | C43: =IF(AND(ISNUMBER($T43),$T43<>""),IF(INDEX(Calc!$U$3:$U$122,$T43)="","—",INDEX(Calc!$U$3:$U$122,$T43)),"") | D43: =IF(AND(ISNUMBER($T43),$T43<>""),IF(INDEX(Calc!$V$3:$V$122,$T43)="","—",INDEX(Calc!$V$3:$V$122,$T43)),"") | E43: =IF(AND(ISNUMBER($T43),$T43<>""),IF(INDEX(Calc!$W$3:$W$122,$T43)="","—",INDEX(Calc!$W$3:$W$122,$T43)),"") | F43: =IF(AND(ISNUMBER($T43),$T43<>""),IF(INDEX(Calc!$X$3:$X$122,$T43)="","—",INDEX(Calc!$X$3:$X$122,$T43)),"") | G43: =IF(AND(ISNUMBER($T43),$T43<>""),IF(INDEX(Calc!$Y$3:$Y$122,$T43)="","—",INDEX(Calc!$Y$3:$Y$122,$T43)),"") | H43: =IF(AND(ISNUMBER($T43),$T43<>""),IF(INDEX(Calc!$Z$3:$Z$122,$T43)="","—",INDEX(Calc!$Z$3:$Z$122,$T43)),"") | I43: =IF(AND(ISNUMBER($T43),$T43<>""),IF(INDEX(Calc!$AA$3:$AA$122,$T43)="","—",INDEX(Calc!$AA$3:$AA$122,$T43)),"") | J43: =IF(AND(ISNUMBER($T43),$T43<>""),IF(INDEX(Calc!$AB$3:$AB$122,$T43)="","—",INDEX(Calc!$AB$3:$AB$122,$T43)),"") | K43: =IF(AND(ISNUMBER($T43),$T43<>""),IF(INDEX(Calc!$AC$3:$AC$122,$T43)="","—",INDEX(Calc!$AC$3:$AC$122,$T43)),"") | L43: =IF(AND(ISNUMBER($T43),$T43<>""),IF(INDEX(Calc!$AD$3:$AD$122,$T43)="","—",INDEX(Calc!$AD$3:$AD$122,$T43)),"") | M43: =IF(AND(ISNUMBER($T43),$T43<>""),IF(INDEX(Calc!$AE$3:$AE$122,$T43)="","—",INDEX(Calc!$AE$3:$AE$122,$T43)),"") | N43: =IF(AND(ISNUMBER($T43),$T43<>""),IF(INDEX(Calc!$AF$3:$AF$122,$T43)="","—",INDEX(Calc!$AF$3:$AF$122,$T43)),"") | O43: =IF(AND(ISNUMBER($T43),$T43<>""),IF(INDEX(Calc!$AG$3:$AG$122,$T43)="","—",INDEX(Calc!$AG$3:$AG$122,$T43)),"") | P43: =IF(AND(ISNUMBER($T43),$T43<>""),IF(INDEX(Calc!$AJ$3:$AJ$122,$T43)="","—",INDEX(Calc!$AJ$3:$AJ$122,$T43)),"") | Q43: =IF(AND(ISNUMBER($T43),$T43<>""),IF(INDEX(Calc!$AK$3:$AK$122,$T43)="","—",INDEX(Calc!$AK$3:$AK$122,$T43)),"") | R43: =IF(AND(ISNUMBER($T43),$T43<>""),IF(INDEX(Calc!$AL$3:$AL$122,$T43)="","—",INDEX(Calc!$AL$3:$AL$122,$T43)),"") | T43: =IFERROR(MATCH(39,Calc!$AN$3:$AN$122,0),"")
A44: =IF(AND(ISNUMBER($T44),$T44<>""),INDEX(Calc!$S$3:$S$122,$T44),"") | B44: =IF(AND(ISNUMBER($T44),$T44<>""),IF(INDEX(Calc!$T$3:$T$122,$T44)="","—",INDEX(Calc!$T$3:$T$122,$T44)),"") | C44: =IF(AND(ISNUMBER($T44),$T44<>""),IF(INDEX(Calc!$U$3:$U$122,$T44)="","—",INDEX(Calc!$U$3:$U$122,$T44)),"") | D44: =IF(AND(ISNUMBER($T44),$T44<>""),IF(INDEX(Calc!$V$3:$V$122,$T44)="","—",INDEX(Calc!$V$3:$V$122,$T44)),"") | E44: =IF(AND(ISNUMBER($T44),$T44<>""),IF(INDEX(Calc!$W$3:$W$122,$T44)="","—",INDEX(Calc!$W$3:$W$122,$T44)),"") | F44: =IF(AND(ISNUMBER($T44),$T44<>""),IF(INDEX(Calc!$X$3:$X$122,$T44)="","—",INDEX(Calc!$X$3:$X$122,$T44)),"") | G44: =IF(AND(ISNUMBER($T44),$T44<>""),IF(INDEX(Calc!$Y$3:$Y$122,$T44)="","—",INDEX(Calc!$Y$3:$Y$122,$T44)),"") | H44: =IF(AND(ISNUMBER($T44),$T44<>""),IF(INDEX(Calc!$Z$3:$Z$122,$T44)="","—",INDEX(Calc!$Z$3:$Z$122,$T44)),"") | I44: =IF(AND(ISNUMBER($T44),$T44<>""),IF(INDEX(Calc!$AA$3:$AA$122,$T44)="","—",INDEX(Calc!$AA$3:$AA$122,$T44)),"") | J44: =IF(AND(ISNUMBER($T44),$T44<>""),IF(INDEX(Calc!$AB$3:$AB$122,$T44)="","—",INDEX(Calc!$AB$3:$AB$122,$T44)),"") | K44: =IF(AND(ISNUMBER($T44),$T44<>""),IF(INDEX(Calc!$AC$3:$AC$122,$T44)="","—",INDEX(Calc!$AC$3:$AC$122,$T44)),"") | L44: =IF(AND(ISNUMBER($T44),$T44<>""),IF(INDEX(Calc!$AD$3:$AD$122,$T44)="","—",INDEX(Calc!$AD$3:$AD$122,$T44)),"") | M44: =IF(AND(ISNUMBER($T44),$T44<>""),IF(INDEX(Calc!$AE$3:$AE$122,$T44)="","—",INDEX(Calc!$AE$3:$AE$122,$T44)),"") | N44: =IF(AND(ISNUMBER($T44),$T44<>""),IF(INDEX(Calc!$AF$3:$AF$122,$T44)="","—",INDEX(Calc!$AF$3:$AF$122,$T44)),"") | O44: =IF(AND(ISNUMBER($T44),$T44<>""),IF(INDEX(Calc!$AG$3:$AG$122,$T44)="","—",INDEX(Calc!$AG$3:$AG$122,$T44)),"") | P44: =IF(AND(ISNUMBER($T44),$T44<>""),IF(INDEX(Calc!$AJ$3:$AJ$122,$T44)="","—",INDEX(Calc!$AJ$3:$AJ$122,$T44)),"") | Q44: =IF(AND(ISNUMBER($T44),$T44<>""),IF(INDEX(Calc!$AK$3:$AK$122,$T44)="","—",INDEX(Calc!$AK$3:$AK$122,$T44)),"") | R44: =IF(AND(ISNUMBER($T44),$T44<>""),IF(INDEX(Calc!$AL$3:$AL$122,$T44)="","—",INDEX(Calc!$AL$3:$AL$122,$T44)),"") | T44: =IFERROR(MATCH(40,Calc!$AN$3:$AN$122,0),"")
A45: =IF(AND(ISNUMBER($T45),$T45<>""),INDEX(Calc!$S$3:$S$122,$T45),"") | B45: =IF(AND(ISNUMBER($T45),$T45<>""),IF(INDEX(Calc!$T$3:$T$122,$T45)="","—",INDEX(Calc!$T$3:$T$122,$T45)),"") | C45: =IF(AND(ISNUMBER($T45),$T45<>""),IF(INDEX(Calc!$U$3:$U$122,$T45)="","—",INDEX(Calc!$U$3:$U$122,$T45)),"") | D45: =IF(AND(ISNUMBER($T45),$T45<>""),IF(INDEX(Calc!$V$3:$V$122,$T45)="","—",INDEX(Calc!$V$3:$V$122,$T45)),"") | E45: =IF(AND(ISNUMBER($T45),$T45<>""),IF(INDEX(Calc!$W$3:$W$122,$T45)="","—",INDEX(Calc!$W$3:$W$122,$T45)),"") | F45: =IF(AND(ISNUMBER($T45),$T45<>""),IF(INDEX(Calc!$X$3:$X$122,$T45)="","—",INDEX(Calc!$X$3:$X$122,$T45)),"") | G45: =IF(AND(ISNUMBER($T45),$T45<>""),IF(INDEX(Calc!$Y$3:$Y$122,$T45)="","—",INDEX(Calc!$Y$3:$Y$122,$T45)),"") | H45: =IF(AND(ISNUMBER($T45),$T45<>""),IF(INDEX(Calc!$Z$3:$Z$122,$T45)="","—",INDEX(Calc!$Z$3:$Z$122,$T45)),"") | I45: =IF(AND(ISNUMBER($T45),$T45<>""),IF(INDEX(Calc!$AA$3:$AA$122,$T45)="","—",INDEX(Calc!$AA$3:$AA$122,$T45)),"") | J45: =IF(AND(ISNUMBER($T45),$T45<>""),IF(INDEX(Calc!$AB$3:$AB$122,$T45)="","—",INDEX(Calc!$AB$3:$AB$122,$T45)),"") | K45: =IF(AND(ISNUMBER($T45),$T45<>""),IF(INDEX(Calc!$AC$3:$AC$122,$T45)="","—",INDEX(Calc!$AC$3:$AC$122,$T45)),"") | L45: =IF(AND(ISNUMBER($T45),$T45<>""),IF(INDEX(Calc!$AD$3:$AD$122,$T45)="","—",INDEX(Calc!$AD$3:$AD$122,$T45)),"") | M45: =IF(AND(ISNUMBER($T45),$T45<>""),IF(INDEX(Calc!$AE$3:$AE$122,$T45)="","—",INDEX(Calc!$AE$3:$AE$122,$T45)),"") | N45: =IF(AND(ISNUMBER($T45),$T45<>""),IF(INDEX(Calc!$AF$3:$AF$122,$T45)="","—",INDEX(Calc!$AF$3:$AF$122,$T45)),"") | O45: =IF(AND(ISNUMBER($T45),$T45<>""),IF(INDEX(Calc!$AG$3:$AG$122,$T45)="","—",INDEX(Calc!$AG$3:$AG$122,$T45)),"") | P45: =IF(AND(ISNUMBER($T45),$T45<>""),IF(INDEX(Calc!$AJ$3:$AJ$122,$T45)="","—",INDEX(Calc!$AJ$3:$AJ$122,$T45)),"") | Q45: =IF(AND(ISNUMBER($T45),$T45<>""),IF(INDEX(Calc!$AK$3:$AK$122,$T45)="","—",INDEX(Calc!$AK$3:$AK$122,$T45)),"") | R45: =IF(AND(ISNUMBER($T45),$T45<>""),IF(INDEX(Calc!$AL$3:$AL$122,$T45)="","—",INDEX(Calc!$AL$3:$AL$122,$T45)),"") | T45: =IFERROR(MATCH(41,Calc!$AN$3:$AN$122,0),"")
A46: =IF(AND(ISNUMBER($T46),$T46<>""),INDEX(Calc!$S$3:$S$122,$T46),"") | B46: =IF(AND(ISNUMBER($T46),$T46<>""),IF(INDEX(Calc!$T$3:$T$122,$T46)="","—",INDEX(Calc!$T$3:$T$122,$T46)),"") | C46: =IF(AND(ISNUMBER($T46),$T46<>""),IF(INDEX(Calc!$U$3:$U$122,$T46)="","—",INDEX(Calc!$U$3:$U$122,$T46)),"") | D46: =IF(AND(ISNUMBER($T46),$T46<>""),IF(INDEX(Calc!$V$3:$V$122,$T46)="","—",INDEX(Calc!$V$3:$V$122,$T46)),"") | E46: =IF(AND(ISNUMBER($T46),$T46<>""),IF(INDEX(Calc!$W$3:$W$122,$T46)="","—",INDEX(Calc!$W$3:$W$122,$T46)),"") | F46: =IF(AND(ISNUMBER($T46),$T46<>""),IF(INDEX(Calc!$X$3:$X$122,$T46)="","—",INDEX(Calc!$X$3:$X$122,$T46)),"") | G46: =IF(AND(ISNUMBER($T46),$T46<>""),IF(INDEX(Calc!$Y$3:$Y$122,$T46)="","—",INDEX(Calc!$Y$3:$Y$122,$T46)),"") | H46: =IF(AND(ISNUMBER($T46),$T46<>""),IF(INDEX(Calc!$Z$3:$Z$122,$T46)="","—",INDEX(Calc!$Z$3:$Z$122,$T46)),"") | I46: =IF(AND(ISNUMBER($T46),$T46<>""),IF(INDEX(Calc!$AA$3:$AA$122,$T46)="","—",INDEX(Calc!$AA$3:$AA$122,$T46)),"") | J46: =IF(AND(ISNUMBER($T46),$T46<>""),IF(INDEX(Calc!$AB$3:$AB$122,$T46)="","—",INDEX(Calc!$AB$3:$AB$122,$T46)),"") | K46: =IF(AND(ISNUMBER($T46),$T46<>""),IF(INDEX(Calc!$AC$3:$AC$122,$T46)="","—",INDEX(Calc!$AC$3:$AC$122,$T46)),"") | L46: =IF(AND(ISNUMBER($T46),$T46<>""),IF(INDEX(Calc!$AD$3:$AD$122,$T46)="","—",INDEX(Calc!$AD$3:$AD$122,$T46)),"") | M46: =IF(AND(ISNUMBER($T46),$T46<>""),IF(INDEX(Calc!$AE$3:$AE$122,$T46)="","—",INDEX(Calc!$AE$3:$AE$122,$T46)),"") | N46: =IF(AND(ISNUMBER($T46),$T46<>""),IF(INDEX(Calc!$AF$3:$AF$122,$T46)="","—",INDEX(Calc!$AF$3:$AF$122,$T46)),"") | O46: =IF(AND(ISNUMBER($T46),$T46<>""),IF(INDEX(Calc!$AG$3:$AG$122,$T46)="","—",INDEX(Calc!$AG$3:$AG$122,$T46)),"") | P46: =IF(AND(ISNUMBER($T46),$T46<>""),IF(INDEX(Calc!$AJ$3:$AJ$122,$T46)="","—",INDEX(Calc!$AJ$3:$AJ$122,$T46)),"") | Q46: =IF(AND(ISNUMBER($T46),$T46<>""),IF(INDEX(Calc!$AK$3:$AK$122,$T46)="","—",INDEX(Calc!$AK$3:$AK$122,$T46)),"") | R46: =IF(AND(ISNUMBER($T46),$T46<>""),IF(INDEX(Calc!$AL$3:$AL$122,$T46)="","—",INDEX(Calc!$AL$3:$AL$122,$T46)),"") | T46: =IFERROR(MATCH(42,Calc!$AN$3:$AN$122,0),"")
A47: =IF(AND(ISNUMBER($T47),$T47<>""),INDEX(Calc!$S$3:$S$122,$T47),"") | B47: =IF(AND(ISNUMBER($T47),$T47<>""),IF(INDEX(Calc!$T$3:$T$122,$T47)="","—",INDEX(Calc!$T$3:$T$122,$T47)),"") | C47: =IF(AND(ISNUMBER($T47),$T47<>""),IF(INDEX(Calc!$U$3:$U$122,$T47)="","—",INDEX(Calc!$U$3:$U$122,$T47)),"") | D47: =IF(AND(ISNUMBER($T47),$T47<>""),IF(INDEX(Calc!$V$3:$V$122,$T47)="","—",INDEX(Calc!$V$3:$V$122,$T47)),"") | E47: =IF(AND(ISNUMBER($T47),$T47<>""),IF(INDEX(Calc!$W$3:$W$122,$T47)="","—",INDEX(Calc!$W$3:$W$122,$T47)),"") | F47: =IF(AND(ISNUMBER($T47),$T47<>""),IF(INDEX(Calc!$X$3:$X$122,$T47)="","—",INDEX(Calc!$X$3:$X$122,$T47)),"") | G47: =IF(AND(ISNUMBER($T47),$T47<>""),IF(INDEX(Calc!$Y$3:$Y$122,$T47)="","—",INDEX(Calc!$Y$3:$Y$122,$T47)),"") | H47: =IF(AND(ISNUMBER($T47),$T47<>""),IF(INDEX(Calc!$Z$3:$Z$122,$T47)="","—",INDEX(Calc!$Z$3:$Z$122,$T47)),"") | I47: =IF(AND(ISNUMBER($T47),$T47<>""),IF(INDEX(Calc!$AA$3:$AA$122,$T47)="","—",INDEX(Calc!$AA$3:$AA$122,$T47)),"") | J47: =IF(AND(ISNUMBER($T47),$T47<>""),IF(INDEX(Calc!$AB$3:$AB$122,$T47)="","—",INDEX(Calc!$AB$3:$AB$122,$T47)),"") | K47: =IF(AND(ISNUMBER($T47),$T47<>""),IF(INDEX(Calc!$AC$3:$AC$122,$T47)="","—",INDEX(Calc!$AC$3:$AC$122,$T47)),"") | L47: =IF(AND(ISNUMBER($T47),$T47<>""),IF(INDEX(Calc!$AD$3:$AD$122,$T47)="","—",INDEX(Calc!$AD$3:$AD$122,$T47)),"") | M47: =IF(AND(ISNUMBER($T47),$T47<>""),IF(INDEX(Calc!$AE$3:$AE$122,$T47)="","—",INDEX(Calc!$AE$3:$AE$122,$T47)),"") | N47: =IF(AND(ISNUMBER($T47),$T47<>""),IF(INDEX(Calc!$AF$3:$AF$122,$T47)="","—",INDEX(Calc!$AF$3:$AF$122,$T47)),"") | O47: =IF(AND(ISNUMBER($T47),$T47<>""),IF(INDEX(Calc!$AG$3:$AG$122,$T47)="","—",INDEX(Calc!$AG$3:$AG$122,$T47)),"") | P47: =IF(AND(ISNUMBER($T47),$T47<>""),IF(INDEX(Calc!$AJ$3:$AJ$122,$T47)="","—",INDEX(Calc!$AJ$3:$AJ$122,$T47)),"") | Q47: =IF(AND(ISNUMBER($T47),$T47<>""),IF(INDEX(Calc!$AK$3:$AK$122,$T47)="","—",INDEX(Calc!$AK$3:$AK$122,$T47)),"") | R47: =IF(AND(ISNUMBER($T47),$T47<>""),IF(INDEX(Calc!$AL$3:$AL$122,$T47)="","—",INDEX(Calc!$AL$3:$AL$122,$T47)),"") | T47: =IFERROR(MATCH(43,Calc!$AN$3:$AN$122,0),"")
A48: =IF(AND(ISNUMBER($T48),$T48<>""),INDEX(Calc!$S$3:$S$122,$T48),"") | B48: =IF(AND(ISNUMBER($T48),$T48<>""),IF(INDEX(Calc!$T$3:$T$122,$T48)="","—",INDEX(Calc!$T$3:$T$122,$T48)),"") | C48: =IF(AND(ISNUMBER($T48),$T48<>""),IF(INDEX(Calc!$U$3:$U$122,$T48)="","—",INDEX(Calc!$U$3:$U$122,$T48)),"") | D48: =IF(AND(ISNUMBER($T48),$T48<>""),IF(INDEX(Calc!$V$3:$V$122,$T48)="","—",INDEX(Calc!$V$3:$V$122,$T48)),"") | E48: =IF(AND(ISNUMBER($T48),$T48<>""),IF(INDEX(Calc!$W$3:$W$122,$T48)="","—",INDEX(Calc!$W$3:$W$122,$T48)),"") | F48: =IF(AND(ISNUMBER($T48),$T48<>""),IF(INDEX(Calc!$X$3:$X$122,$T48)="","—",INDEX(Calc!$X$3:$X$122,$T48)),"") | G48: =IF(AND(ISNUMBER($T48),$T48<>""),IF(INDEX(Calc!$Y$3:$Y$122,$T48)="","—",INDEX(Calc!$Y$3:$Y$122,$T48)),"") | H48: =IF(AND(ISNUMBER($T48),$T48<>""),IF(INDEX(Calc!$Z$3:$Z$122,$T48)="","—",INDEX(Calc!$Z$3:$Z$122,$T48)),"") | I48: =IF(AND(ISNUMBER($T48),$T48<>""),IF(INDEX(Calc!$AA$3:$AA$122,$T48)="","—",INDEX(Calc!$AA$3:$AA$122,$T48)),"") | J48: =IF(AND(ISNUMBER($T48),$T48<>""),IF(INDEX(Calc!$AB$3:$AB$122,$T48)="","—",INDEX(Calc!$AB$3:$AB$122,$T48)),"") | K48: =IF(AND(ISNUMBER($T48),$T48<>""),IF(INDEX(Calc!$AC$3:$AC$122,$T48)="","—",INDEX(Calc!$AC$3:$AC$122,$T48)),"") | L48: =IF(AND(ISNUMBER($T48),$T48<>""),IF(INDEX(Calc!$AD$3:$AD$122,$T48)="","—",INDEX(Calc!$AD$3:$AD$122,$T48)),"") | M48: =IF(AND(ISNUMBER($T48),$T48<>""),IF(INDEX(Calc!$AE$3:$AE$122,$T48)="","—",INDEX(Calc!$AE$3:$AE$122,$T48)),"") | N48: =IF(AND(ISNUMBER($T48),$T48<>""),IF(INDEX(Calc!$AF$3:$AF$122,$T48)="","—",INDEX(Calc!$AF$3:$AF$122,$T48)),"") | O48: =IF(AND(ISNUMBER($T48),$T48<>""),IF(INDEX(Calc!$AG$3:$AG$122,$T48)="","—",INDEX(Calc!$AG$3:$AG$122,$T48)),"") | P48: =IF(AND(ISNUMBER($T48),$T48<>""),IF(INDEX(Calc!$AJ$3:$AJ$122,$T48)="","—",INDEX(Calc!$AJ$3:$AJ$122,$T48)),"") | Q48: =IF(AND(ISNUMBER($T48),$T48<>""),IF(INDEX(Calc!$AK$3:$AK$122,$T48)="","—",INDEX(Calc!$AK$3:$AK$122,$T48)),"") | R48: =IF(AND(ISNUMBER($T48),$T48<>""),IF(INDEX(Calc!$AL$3:$AL$122,$T48)="","—",INDEX(Calc!$AL$3:$AL$122,$T48)),"") | T48: =IFERROR(MATCH(44,Calc!$AN$3:$AN$122,0),"")
A49: =IF(AND(ISNUMBER($T49),$T49<>""),INDEX(Calc!$S$3:$S$122,$T49),"") | B49: =IF(AND(ISNUMBER($T49),$T49<>""),IF(INDEX(Calc!$T$3:$T$122,$T49)="","—",INDEX(Calc!$T$3:$T$122,$T49)),"") | C49: =IF(AND(ISNUMBER($T49),$T49<>""),IF(INDEX(Calc!$U$3:$U$122,$T49)="","—",INDEX(Calc!$U$3:$U$122,$T49)),"") | D49: =IF(AND(ISNUMBER($T49),$T49<>""),IF(INDEX(Calc!$V$3:$V$122,$T49)="","—",INDEX(Calc!$V$3:$V$122,$T49)),"") | E49: =IF(AND(ISNUMBER($T49),$T49<>""),IF(INDEX(Calc!$W$3:$W$122,$T49)="","—",INDEX(Calc!$W$3:$W$122,$T49)),"") | F49: =IF(AND(ISNUMBER($T49),$T49<>""),IF(INDEX(Calc!$X$3:$X$122,$T49)="","—",INDEX(Calc!$X$3:$X$122,$T49)),"") | G49: =IF(AND(ISNUMBER($T49),$T49<>""),IF(INDEX(Calc!$Y$3:$Y$122,$T49)="","—",INDEX(Calc!$Y$3:$Y$122,$T49)),"") | H49: =IF(AND(ISNUMBER($T49),$T49<>""),IF(INDEX(Calc!$Z$3:$Z$122,$T49)="","—",INDEX(Calc!$Z$3:$Z$122,$T49)),"") | I49: =IF(AND(ISNUMBER($T49),$T49<>""),IF(INDEX(Calc!$AA$3:$AA$122,$T49)="","—",INDEX(Calc!$AA$3:$AA$122,$T49)),"") | J49: =IF(AND(ISNUMBER($T49),$T49<>""),IF(INDEX(Calc!$AB$3:$AB$122,$T49)="","—",INDEX(Calc!$AB$3:$AB$122,$T49)),"") | K49: =IF(AND(ISNUMBER($T49),$T49<>""),IF(INDEX(Calc!$AC$3:$AC$122,$T49)="","—",INDEX(Calc!$AC$3:$AC$122,$T49)),"") | L49: =IF(AND(ISNUMBER($T49),$T49<>""),IF(INDEX(Calc!$AD$3:$AD$122,$T49)="","—",INDEX(Calc!$AD$3:$AD$122,$T49)),"") | M49: =IF(AND(ISNUMBER($T49),$T49<>""),IF(INDEX(Calc!$AE$3:$AE$122,$T49)="","—",INDEX(Calc!$AE$3:$AE$122,$T49)),"") | N49: =IF(AND(ISNUMBER($T49),$T49<>""),IF(INDEX(Calc!$AF$3:$AF$122,$T49)="","—",INDEX(Calc!$AF$3:$AF$122,$T49)),"") | O49: =IF(AND(ISNUMBER($T49),$T49<>""),IF(INDEX(Calc!$AG$3:$AG$122,$T49)="","—",INDEX(Calc!$AG$3:$AG$122,$T49)),"") | P49: =IF(AND(ISNUMBER($T49),$T49<>""),IF(INDEX(Calc!$AJ$3:$AJ$122,$T49)="","—",INDEX(Calc!$AJ$3:$AJ$122,$T49)),"") | Q49: =IF(AND(ISNUMBER($T49),$T49<>""),IF(INDEX(Calc!$AK$3:$AK$122,$T49)="","—",INDEX(Calc!$AK$3:$AK$122,$T49)),"") | R49: =IF(AND(ISNUMBER($T49),$T49<>""),IF(INDEX(Calc!$AL$3:$AL$122,$T49)="","—",INDEX(Calc!$AL$3:$AL$122,$T49)),"") | T49: =IFERROR(MATCH(45,Calc!$AN$3:$AN$122,0),"")
A50: =IF(AND(ISNUMBER($T50),$T50<>""),INDEX(Calc!$S$3:$S$122,$T50),"") | B50: =IF(AND(ISNUMBER($T50),$T50<>""),IF(INDEX(Calc!$T$3:$T$122,$T50)="","—",INDEX(Calc!$T$3:$T$122,$T50)),"") | C50: =IF(AND(ISNUMBER($T50),$T50<>""),IF(INDEX(Calc!$U$3:$U$122,$T50)="","—",INDEX(Calc!$U$3:$U$122,$T50)),"") | D50: =IF(AND(ISNUMBER($T50),$T50<>""),IF(INDEX(Calc!$V$3:$V$122,$T50)="","—",INDEX(Calc!$V$3:$V$122,$T50)),"") | E50: =IF(AND(ISNUMBER($T50),$T50<>""),IF(INDEX(Calc!$W$3:$W$122,$T50)="","—",INDEX(Calc!$W$3:$W$122,$T50)),"") | F50: =IF(AND(ISNUMBER($T50),$T50<>""),IF(INDEX(Calc!$X$3:$X$122,$T50)="","—",INDEX(Calc!$X$3:$X$122,$T50)),"") | G50: =IF(AND(ISNUMBER($T50),$T50<>""),IF(INDEX(Calc!$Y$3:$Y$122,$T50)="","—",INDEX(Calc!$Y$3:$Y$122,$T50)),"") | H50: =IF(AND(ISNUMBER($T50),$T50<>""),IF(INDEX(Calc!$Z$3:$Z$122,$T50)="","—",INDEX(Calc!$Z$3:$Z$122,$T50)),"") | I50: =IF(AND(ISNUMBER($T50),$T50<>""),IF(INDEX(Calc!$AA$3:$AA$122,$T50)="","—",INDEX(Calc!$AA$3:$AA$122,$T50)),"") | J50: =IF(AND(ISNUMBER($T50),$T50<>""),IF(INDEX(Calc!$AB$3:$AB$122,$T50)="","—",INDEX(Calc!$AB$3:$AB$122,$T50)),"") | K50: =IF(AND(ISNUMBER($T50),$T50<>""),IF(INDEX(Calc!$AC$3:$AC$122,$T50)="","—",INDEX(Calc!$AC$3:$AC$122,$T50)),"") | L50: =IF(AND(ISNUMBER($T50),$T50<>""),IF(INDEX(Calc!$AD$3:$AD$122,$T50)="","—",INDEX(Calc!$AD$3:$AD$122,$T50)),"") | M50: =IF(AND(ISNUMBER($T50),$T50<>""),IF(INDEX(Calc!$AE$3:$AE$122,$T50)="","—",INDEX(Calc!$AE$3:$AE$122,$T50)),"") | N50: =IF(AND(ISNUMBER($T50),$T50<>""),IF(INDEX(Calc!$AF$3:$AF$122,$T50)="","—",INDEX(Calc!$AF$3:$AF$122,$T50)),"") | O50: =IF(AND(ISNUMBER($T50),$T50<>""),IF(INDEX(Calc!$AG$3:$AG$122,$T50)="","—",INDEX(Calc!$AG$3:$AG$122,$T50)),"") | P50: =IF(AND(ISNUMBER($T50),$T50<>""),IF(INDEX(Calc!$AJ$3:$AJ$122,$T50)="","—",INDEX(Calc!$AJ$3:$AJ$122,$T50)),"") | Q50: =IF(AND(ISNUMBER($T50),$T50<>""),IF(INDEX(Calc!$AK$3:$AK$122,$T50)="","—",INDEX(Calc!$AK$3:$AK$122,$T50)),"") | R50: =IF(AND(ISNUMBER($T50),$T50<>""),IF(INDEX(Calc!$AL$3:$AL$122,$T50)="","—",INDEX(Calc!$AL$3:$AL$122,$T50)),"") | T50: =IFERROR(MATCH(46,Calc!$AN$3:$AN$122,0),"")
A51: =IF(AND(ISNUMBER($T51),$T51<>""),INDEX(Calc!$S$3:$S$122,$T51),"") | B51: =IF(AND(ISNUMBER($T51),$T51<>""),IF(INDEX(Calc!$T$3:$T$122,$T51)="","—",INDEX(Calc!$T$3:$T$122,$T51)),"") | C51: =IF(AND(ISNUMBER($T51),$T51<>""),IF(INDEX(Calc!$U$3:$U$122,$T51)="","—",INDEX(Calc!$U$3:$U$122,$T51)),"") | D51: =IF(AND(ISNUMBER($T51),$T51<>""),IF(INDEX(Calc!$V$3:$V$122,$T51)="","—",INDEX(Calc!$V$3:$V$122,$T51)),"") | E51: =IF(AND(ISNUMBER($T51),$T51<>""),IF(INDEX(Calc!$W$3:$W$122,$T51)="","—",INDEX(Calc!$W$3:$W$122,$T51)),"") | F51: =IF(AND(ISNUMBER($T51),$T51<>""),IF(INDEX(Calc!$X$3:$X$122,$T51)="","—",INDEX(Calc!$X$3:$X$122,$T51)),"") | G51: =IF(AND(ISNUMBER($T51),$T51<>""),IF(INDEX(Calc!$Y$3:$Y$122,$T51)="","—",INDEX(Calc!$Y$3:$Y$122,$T51)),"") | H51: =IF(AND(ISNUMBER($T51),$T51<>""),IF(INDEX(Calc!$Z$3:$Z$122,$T51)="","—",INDEX(Calc!$Z$3:$Z$122,$T51)),"") | I51: =IF(AND(ISNUMBER($T51),$T51<>""),IF(INDEX(Calc!$AA$3:$AA$122,$T51)="","—",INDEX(Calc!$AA$3:$AA$122,$T51)),"") | J51: =IF(AND(ISNUMBER($T51),$T51<>""),IF(INDEX(Calc!$AB$3:$AB$122,$T51)="","—",INDEX(Calc!$AB$3:$AB$122,$T51)),"") | K51: =IF(AND(ISNUMBER($T51),$T51<>""),IF(INDEX(Calc!$AC$3:$AC$122,$T51)="","—",INDEX(Calc!$AC$3:$AC$122,$T51)),"") | L51: =IF(AND(ISNUMBER($T51),$T51<>""),IF(INDEX(Calc!$AD$3:$AD$122,$T51)="","—",INDEX(Calc!$AD$3:$AD$122,$T51)),"") | M51: =IF(AND(ISNUMBER($T51),$T51<>""),IF(INDEX(Calc!$AE$3:$AE$122,$T51)="","—",INDEX(Calc!$AE$3:$AE$122,$T51)),"") | N51: =IF(AND(ISNUMBER($T51),$T51<>""),IF(INDEX(Calc!$AF$3:$AF$122,$T51)="","—",INDEX(Calc!$AF$3:$AF$122,$T51)),"") | O51: =IF(AND(ISNUMBER($T51),$T51<>""),IF(INDEX(Calc!$AG$3:$AG$122,$T51)="","—",INDEX(Calc!$AG$3:$AG$122,$T51)),"") | P51: =IF(AND(ISNUMBER($T51),$T51<>""),IF(INDEX(Calc!$AJ$3:$AJ$122,$T51)="","—",INDEX(Calc!$AJ$3:$AJ$122,$T51)),"") | Q51: =IF(AND(ISNUMBER($T51),$T51<>""),IF(INDEX(Calc!$AK$3:$AK$122,$T51)="","—",INDEX(Calc!$AK$3:$AK$122,$T51)),"") | R51: =IF(AND(ISNUMBER($T51),$T51<>""),IF(INDEX(Calc!$AL$3:$AL$122,$T51)="","—",INDEX(Calc!$AL$3:$AL$122,$T51)),"") | T51: =IFERROR(MATCH(47,Calc!$AN$3:$AN$122,0),"")
A52: =IF(AND(ISNUMBER($T52),$T52<>""),INDEX(Calc!$S$3:$S$122,$T52),"") | B52: =IF(AND(ISNUMBER($T52),$T52<>""),IF(INDEX(Calc!$T$3:$T$122,$T52)="","—",INDEX(Calc!$T$3:$T$122,$T52)),"") | C52: =IF(AND(ISNUMBER($T52),$T52<>""),IF(INDEX(Calc!$U$3:$U$122,$T52)="","—",INDEX(Calc!$U$3:$U$122,$T52)),"") | D52: =IF(AND(ISNUMBER($T52),$T52<>""),IF(INDEX(Calc!$V$3:$V$122,$T52)="","—",INDEX(Calc!$V$3:$V$122,$T52)),"") | E52: =IF(AND(ISNUMBER($T52),$T52<>""),IF(INDEX(Calc!$W$3:$W$122,$T52)="","—",INDEX(Calc!$W$3:$W$122,$T52)),"") | F52: =IF(AND(ISNUMBER($T52),$T52<>""),IF(INDEX(Calc!$X$3:$X$122,$T52)="","—",INDEX(Calc!$X$3:$X$122,$T52)),"") | G52: =IF(AND(ISNUMBER($T52),$T52<>""),IF(INDEX(Calc!$Y$3:$Y$122,$T52)="","—",INDEX(Calc!$Y$3:$Y$122,$T52)),"") | H52: =IF(AND(ISNUMBER($T52),$T52<>""),IF(INDEX(Calc!$Z$3:$Z$122,$T52)="","—",INDEX(Calc!$Z$3:$Z$122,$T52)),"") | I52: =IF(AND(ISNUMBER($T52),$T52<>""),IF(INDEX(Calc!$AA$3:$AA$122,$T52)="","—",INDEX(Calc!$AA$3:$AA$122,$T52)),"") | J52: =IF(AND(ISNUMBER($T52),$T52<>""),IF(INDEX(Calc!$AB$3:$AB$122,$T52)="","—",INDEX(Calc!$AB$3:$AB$122,$T52)),"") | K52: =IF(AND(ISNUMBER($T52),$T52<>""),IF(INDEX(Calc!$AC$3:$AC$122,$T52)="","—",INDEX(Calc!$AC$3:$AC$122,$T52)),"") | L52: =IF(AND(ISNUMBER($T52),$T52<>""),IF(INDEX(Calc!$AD$3:$AD$122,$T52)="","—",INDEX(Calc!$AD$3:$AD$122,$T52)),"") | M52: =IF(AND(ISNUMBER($T52),$T52<>""),IF(INDEX(Calc!$AE$3:$AE$122,$T52)="","—",INDEX(Calc!$AE$3:$AE$122,$T52)),"") | N52: =IF(AND(ISNUMBER($T52),$T52<>""),IF(INDEX(Calc!$AF$3:$AF$122,$T52)="","—",INDEX(Calc!$AF$3:$AF$122,$T52)),"") | O52: =IF(AND(ISNUMBER($T52),$T52<>""),IF(INDEX(Calc!$AG$3:$AG$122,$T52)="","—",INDEX(Calc!$AG$3:$AG$122,$T52)),"") | P52: =IF(AND(ISNUMBER($T52),$T52<>""),IF(INDEX(Calc!$AJ$3:$AJ$122,$T52)="","—",INDEX(Calc!$AJ$3:$AJ$122,$T52)),"") | Q52: =IF(AND(ISNUMBER($T52),$T52<>""),IF(INDEX(Calc!$AK$3:$AK$122,$T52)="","—",INDEX(Calc!$AK$3:$AK$122,$T52)),"") | R52: =IF(AND(ISNUMBER($T52),$T52<>""),IF(INDEX(Calc!$AL$3:$AL$122,$T52)="","—",INDEX(Calc!$AL$3:$AL$122,$T52)),"") | T52: =IFERROR(MATCH(48,Calc!$AN$3:$AN$122,0),"")
A53: =IF(AND(ISNUMBER($T53),$T53<>""),INDEX(Calc!$S$3:$S$122,$T53),"") | B53: =IF(AND(ISNUMBER($T53),$T53<>""),IF(INDEX(Calc!$T$3:$T$122,$T53)="","—",INDEX(Calc!$T$3:$T$122,$T53)),"") | C53: =IF(AND(ISNUMBER($T53),$T53<>""),IF(INDEX(Calc!$U$3:$U$122,$T53)="","—",INDEX(Calc!$U$3:$U$122,$T53)),"") | D53: =IF(AND(ISNUMBER($T53),$T53<>""),IF(INDEX(Calc!$V$3:$V$122,$T53)="","—",INDEX(Calc!$V$3:$V$122,$T53)),"") | E53: =IF(AND(ISNUMBER($T53),$T53<>""),IF(INDEX(Calc!$W$3:$W$122,$T53)="","—",INDEX(Calc!$W$3:$W$122,$T53)),"") | F53: =IF(AND(ISNUMBER($T53),$T53<>""),IF(INDEX(Calc!$X$3:$X$122,$T53)="","—",INDEX(Calc!$X$3:$X$122,$T53)),"") | G53: =IF(AND(ISNUMBER($T53),$T53<>""),IF(INDEX(Calc!$Y$3:$Y$122,$T53)="","—",INDEX(Calc!$Y$3:$Y$122,$T53)),"") | H53: =IF(AND(ISNUMBER($T53),$T53<>""),IF(INDEX(Calc!$Z$3:$Z$122,$T53)="","—",INDEX(Calc!$Z$3:$Z$122,$T53)),"") | I53: =IF(AND(ISNUMBER($T53),$T53<>""),IF(INDEX(Calc!$AA$3:$AA$122,$T53)="","—",INDEX(Calc!$AA$3:$AA$122,$T53)),"") | J53: =IF(AND(ISNUMBER($T53),$T53<>""),IF(INDEX(Calc!$AB$3:$AB$122,$T53)="","—",INDEX(Calc!$AB$3:$AB$122,$T53)),"") | K53: =IF(AND(ISNUMBER($T53),$T53<>""),IF(INDEX(Calc!$AC$3:$AC$122,$T53)="","—",INDEX(Calc!$AC$3:$AC$122,$T53)),"") | L53: =IF(AND(ISNUMBER($T53),$T53<>""),IF(INDEX(Calc!$AD$3:$AD$122,$T53)="","—",INDEX(Calc!$AD$3:$AD$122,$T53)),"") | M53: =IF(AND(ISNUMBER($T53),$T53<>""),IF(INDEX(Calc!$AE$3:$AE$122,$T53)="","—",INDEX(Calc!$AE$3:$AE$122,$T53)),"") | N53: =IF(AND(ISNUMBER($T53),$T53<>""),IF(INDEX(Calc!$AF$3:$AF$122,$T53)="","—",INDEX(Calc!$AF$3:$AF$122,$T53)),"") | O53: =IF(AND(ISNUMBER($T53),$T53<>""),IF(INDEX(Calc!$AG$3:$AG$122,$T53)="","—",INDEX(Calc!$AG$3:$AG$122,$T53)),"") | P53: =IF(AND(ISNUMBER($T53),$T53<>""),IF(INDEX(Calc!$AJ$3:$AJ$122,$T53)="","—",INDEX(Calc!$AJ$3:$AJ$122,$T53)),"") | Q53: =IF(AND(ISNUMBER($T53),$T53<>""),IF(INDEX(Calc!$AK$3:$AK$122,$T53)="","—",INDEX(Calc!$AK$3:$AK$122,$T53)),"") | R53: =IF(AND(ISNUMBER($T53),$T53<>""),IF(INDEX(Calc!$AL$3:$AL$122,$T53)="","—",INDEX(Calc!$AL$3:$AL$122,$T53)),"") | T53: =IFERROR(MATCH(49,Calc!$AN$3:$AN$122,0),"")
A54: =IF(AND(ISNUMBER($T54),$T54<>""),INDEX(Calc!$S$3:$S$122,$T54),"") | B54: =IF(AND(ISNUMBER($T54),$T54<>""),IF(INDEX(Calc!$T$3:$T$122,$T54)="","—",INDEX(Calc!$T$3:$T$122,$T54)),"") | C54: =IF(AND(ISNUMBER($T54),$T54<>""),IF(INDEX(Calc!$U$3:$U$122,$T54)="","—",INDEX(Calc!$U$3:$U$122,$T54)),"") | D54: =IF(AND(ISNUMBER($T54),$T54<>""),IF(INDEX(Calc!$V$3:$V$122,$T54)="","—",INDEX(Calc!$V$3:$V$122,$T54)),"") | E54: =IF(AND(ISNUMBER($T54),$T54<>""),IF(INDEX(Calc!$W$3:$W$122,$T54)="","—",INDEX(Calc!$W$3:$W$122,$T54)),"") | F54: =IF(AND(ISNUMBER($T54),$T54<>""),IF(INDEX(Calc!$X$3:$X$122,$T54)="","—",INDEX(Calc!$X$3:$X$122,$T54)),"") | G54: =IF(AND(ISNUMBER($T54),$T54<>""),IF(INDEX(Calc!$Y$3:$Y$122,$T54)="","—",INDEX(Calc!$Y$3:$Y$122,$T54)),"") | H54: =IF(AND(ISNUMBER($T54),$T54<>""),IF(INDEX(Calc!$Z$3:$Z$122,$T54)="","—",INDEX(Calc!$Z$3:$Z$122,$T54)),"") | I54: =IF(AND(ISNUMBER($T54),$T54<>""),IF(INDEX(Calc!$AA$3:$AA$122,$T54)="","—",INDEX(Calc!$AA$3:$AA$122,$T54)),"") | J54: =IF(AND(ISNUMBER($T54),$T54<>""),IF(INDEX(Calc!$AB$3:$AB$122,$T54)="","—",INDEX(Calc!$AB$3:$AB$122,$T54)),"") | K54: =IF(AND(ISNUMBER($T54),$T54<>""),IF(INDEX(Calc!$AC$3:$AC$122,$T54)="","—",INDEX(Calc!$AC$3:$AC$122,$T54)),"") | L54: =IF(AND(ISNUMBER($T54),$T54<>""),IF(INDEX(Calc!$AD$3:$AD$122,$T54)="","—",INDEX(Calc!$AD$3:$AD$122,$T54)),"") | M54: =IF(AND(ISNUMBER($T54),$T54<>""),IF(INDEX(Calc!$AE$3:$AE$122,$T54)="","—",INDEX(Calc!$AE$3:$AE$122,$T54)),"") | N54: =IF(AND(ISNUMBER($T54),$T54<>""),IF(INDEX(Calc!$AF$3:$AF$122,$T54)="","—",INDEX(Calc!$AF$3:$AF$122,$T54)),"") | O54: =IF(AND(ISNUMBER($T54),$T54<>""),IF(INDEX(Calc!$AG$3:$AG$122,$T54)="","—",INDEX(Calc!$AG$3:$AG$122,$T54)),"") | P54: =IF(AND(ISNUMBER($T54),$T54<>""),IF(INDEX(Calc!$AJ$3:$AJ$122,$T54)="","—",INDEX(Calc!$AJ$3:$AJ$122,$T54)),"") | Q54: =IF(AND(ISNUMBER($T54),$T54<>""),IF(INDEX(Calc!$AK$3:$AK$122,$T54)="","—",INDEX(Calc!$AK$3:$AK$122,$T54)),"") | R54: =IF(AND(ISNUMBER($T54),$T54<>""),IF(INDEX(Calc!$AL$3:$AL$122,$T54)="","—",INDEX(Calc!$AL$3:$AL$122,$T54)),"") | T54: =IFERROR(MATCH(50,Calc!$AN$3:$AN$122,0),"")
A55: =IF(AND(ISNUMBER($T55),$T55<>""),INDEX(Calc!$S$3:$S$122,$T55),"") | B55: =IF(AND(ISNUMBER($T55),$T55<>""),IF(INDEX(Calc!$T$3:$T$122,$T55)="","—",INDEX(Calc!$T$3:$T$122,$T55)),"") | C55: =IF(AND(ISNUMBER($T55),$T55<>""),IF(INDEX(Calc!$U$3:$U$122,$T55)="","—",INDEX(Calc!$U$3:$U$122,$T55)),"") | D55: =IF(AND(ISNUMBER($T55),$T55<>""),IF(INDEX(Calc!$V$3:$V$122,$T55)="","—",INDEX(Calc!$V$3:$V$122,$T55)),"") | E55: =IF(AND(ISNUMBER($T55),$T55<>""),IF(INDEX(Calc!$W$3:$W$122,$T55)="","—",INDEX(Calc!$W$3:$W$122,$T55)),"") | F55: =IF(AND(ISNUMBER($T55),$T55<>""),IF(INDEX(Calc!$X$3:$X$122,$T55)="","—",INDEX(Calc!$X$3:$X$122,$T55)),"") | G55: =IF(AND(ISNUMBER($T55),$T55<>""),IF(INDEX(Calc!$Y$3:$Y$122,$T55)="","—",INDEX(Calc!$Y$3:$Y$122,$T55)),"") | H55: =IF(AND(ISNUMBER($T55),$T55<>""),IF(INDEX(Calc!$Z$3:$Z$122,$T55)="","—",INDEX(Calc!$Z$3:$Z$122,$T55)),"") | I55: =IF(AND(ISNUMBER($T55),$T55<>""),IF(INDEX(Calc!$AA$3:$AA$122,$T55)="","—",INDEX(Calc!$AA$3:$AA$122,$T55)),"") | J55: =IF(AND(ISNUMBER($T55),$T55<>""),IF(INDEX(Calc!$AB$3:$AB$122,$T55)="","—",INDEX(Calc!$AB$3:$AB$122,$T55)),"") | K55: =IF(AND(ISNUMBER($T55),$T55<>""),IF(INDEX(Calc!$AC$3:$AC$122,$T55)="","—",INDEX(Calc!$AC$3:$AC$122,$T55)),"") | L55: =IF(AND(ISNUMBER($T55),$T55<>""),IF(INDEX(Calc!$AD$3:$AD$122,$T55)="","—",INDEX(Calc!$AD$3:$AD$122,$T55)),"") | M55: =IF(AND(ISNUMBER($T55),$T55<>""),IF(INDEX(Calc!$AE$3:$AE$122,$T55)="","—",INDEX(Calc!$AE$3:$AE$122,$T55)),"") | N55: =IF(AND(ISNUMBER($T55),$T55<>""),IF(INDEX(Calc!$AF$3:$AF$122,$T55)="","—",INDEX(Calc!$AF$3:$AF$122,$T55)),"") | O55: =IF(AND(ISNUMBER($T55),$T55<>""),IF(INDEX(Calc!$AG$3:$AG$122,$T55)="","—",INDEX(Calc!$AG$3:$AG$122,$T55)),"") | P55: =IF(AND(ISNUMBER($T55),$T55<>""),IF(INDEX(Calc!$AJ$3:$AJ$122,$T55)="","—",INDEX(Calc!$AJ$3:$AJ$122,$T55)),"") | Q55: =IF(AND(ISNUMBER($T55),$T55<>""),IF(INDEX(Calc!$AK$3:$AK$122,$T55)="","—",INDEX(Calc!$AK$3:$AK$122,$T55)),"") | R55: =IF(AND(ISNUMBER($T55),$T55<>""),IF(INDEX(Calc!$AL$3:$AL$122,$T55)="","—",INDEX(Calc!$AL$3:$AL$122,$T55)),"") | T55: =IFERROR(MATCH(51,Calc!$AN$3:$AN$122,0),"")
A56: =IF(AND(ISNUMBER($T56),$T56<>""),INDEX(Calc!$S$3:$S$122,$T56),"") | B56: =IF(AND(ISNUMBER($T56),$T56<>""),IF(INDEX(Calc!$T$3:$T$122,$T56)="","—",INDEX(Calc!$T$3:$T$122,$T56)),"") | C56: =IF(AND(ISNUMBER($T56),$T56<>""),IF(INDEX(Calc!$U$3:$U$122,$T56)="","—",INDEX(Calc!$U$3:$U$122,$T56)),"") | D56: =IF(AND(ISNUMBER($T56),$T56<>""),IF(INDEX(Calc!$V$3:$V$122,$T56)="","—",INDEX(Calc!$V$3:$V$122,$T56)),"") | E56: =IF(AND(ISNUMBER($T56),$T56<>""),IF(INDEX(Calc!$W$3:$W$122,$T56)="","—",INDEX(Calc!$W$3:$W$122,$T56)),"") | F56: =IF(AND(ISNUMBER($T56),$T56<>""),IF(INDEX(Calc!$X$3:$X$122,$T56)="","—",INDEX(Calc!$X$3:$X$122,$T56)),"") | G56: =IF(AND(ISNUMBER($T56),$T56<>""),IF(INDEX(Calc!$Y$3:$Y$122,$T56)="","—",INDEX(Calc!$Y$3:$Y$122,$T56)),"") | H56: =IF(AND(ISNUMBER($T56),$T56<>""),IF(INDEX(Calc!$Z$3:$Z$122,$T56)="","—",INDEX(Calc!$Z$3:$Z$122,$T56)),"") | I56: =IF(AND(ISNUMBER($T56),$T56<>""),IF(INDEX(Calc!$AA$3:$AA$122,$T56)="","—",INDEX(Calc!$AA$3:$AA$122,$T56)),"") | J56: =IF(AND(ISNUMBER($T56),$T56<>""),IF(INDEX(Calc!$AB$3:$AB$122,$T56)="","—",INDEX(Calc!$AB$3:$AB$122,$T56)),"") | K56: =IF(AND(ISNUMBER($T56),$T56<>""),IF(INDEX(Calc!$AC$3:$AC$122,$T56)="","—",INDEX(Calc!$AC$3:$AC$122,$T56)),"") | L56: =IF(AND(ISNUMBER($T56),$T56<>""),IF(INDEX(Calc!$AD$3:$AD$122,$T56)="","—",INDEX(Calc!$AD$3:$AD$122,$T56)),"") | M56: =IF(AND(ISNUMBER($T56),$T56<>""),IF(INDEX(Calc!$AE$3:$AE$122,$T56)="","—",INDEX(Calc!$AE$3:$AE$122,$T56)),"") | N56: =IF(AND(ISNUMBER($T56),$T56<>""),IF(INDEX(Calc!$AF$3:$AF$122,$T56)="","—",INDEX(Calc!$AF$3:$AF$122,$T56)),"") | O56: =IF(AND(ISNUMBER($T56),$T56<>""),IF(INDEX(Calc!$AG$3:$AG$122,$T56)="","—",INDEX(Calc!$AG$3:$AG$122,$T56)),"") | P56: =IF(AND(ISNUMBER($T56),$T56<>""),IF(INDEX(Calc!$AJ$3:$AJ$122,$T56)="","—",INDEX(Calc!$AJ$3:$AJ$122,$T56)),"") | Q56: =IF(AND(ISNUMBER($T56),$T56<>""),IF(INDEX(Calc!$AK$3:$AK$122,$T56)="","—",INDEX(Calc!$AK$3:$AK$122,$T56)),"") | R56: =IF(AND(ISNUMBER($T56),$T56<>""),IF(INDEX(Calc!$AL$3:$AL$122,$T56)="","—",INDEX(Calc!$AL$3:$AL$122,$T56)),"") | T56: =IFERROR(MATCH(52,Calc!$AN$3:$AN$122,0),"")
A57: =IF(AND(ISNUMBER($T57),$T57<>""),INDEX(Calc!$S$3:$S$122,$T57),"") | B57: =IF(AND(ISNUMBER($T57),$T57<>""),IF(INDEX(Calc!$T$3:$T$122,$T57)="","—",INDEX(Calc!$T$3:$T$122,$T57)),"") | C57: =IF(AND(ISNUMBER($T57),$T57<>""),IF(INDEX(Calc!$U$3:$U$122,$T57)="","—",INDEX(Calc!$U$3:$U$122,$T57)),"") | D57: =IF(AND(ISNUMBER($T57),$T57<>""),IF(INDEX(Calc!$V$3:$V$122,$T57)="","—",INDEX(Calc!$V$3:$V$122,$T57)),"") | E57: =IF(AND(ISNUMBER($T57),$T57<>""),IF(INDEX(Calc!$W$3:$W$122,$T57)="","—",INDEX(Calc!$W$3:$W$122,$T57)),"") | F57: =IF(AND(ISNUMBER($T57),$T57<>""),IF(INDEX(Calc!$X$3:$X$122,$T57)="","—",INDEX(Calc!$X$3:$X$122,$T57)),"") | G57: =IF(AND(ISNUMBER($T57),$T57<>""),IF(INDEX(Calc!$Y$3:$Y$122,$T57)="","—",INDEX(Calc!$Y$3:$Y$122,$T57)),"") | H57: =IF(AND(ISNUMBER($T57),$T57<>""),IF(INDEX(Calc!$Z$3:$Z$122,$T57)="","—",INDEX(Calc!$Z$3:$Z$122,$T57)),"") | I57: =IF(AND(ISNUMBER($T57),$T57<>""),IF(INDEX(Calc!$AA$3:$AA$122,$T57)="","—",INDEX(Calc!$AA$3:$AA$122,$T57)),"") | J57: =IF(AND(ISNUMBER($T57),$T57<>""),IF(INDEX(Calc!$AB$3:$AB$122,$T57)="","—",INDEX(Calc!$AB$3:$AB$122,$T57)),"") | K57: =IF(AND(ISNUMBER($T57),$T57<>""),IF(INDEX(Calc!$AC$3:$AC$122,$T57)="","—",INDEX(Calc!$AC$3:$AC$122,$T57)),"") | L57: =IF(AND(ISNUMBER($T57),$T57<>""),IF(INDEX(Calc!$AD$3:$AD$122,$T57)="","—",INDEX(Calc!$AD$3:$AD$122,$T57)),"") | M57: =IF(AND(ISNUMBER($T57),$T57<>""),IF(INDEX(Calc!$AE$3:$AE$122,$T57)="","—",INDEX(Calc!$AE$3:$AE$122,$T57)),"") | N57: =IF(AND(ISNUMBER($T57),$T57<>""),IF(INDEX(Calc!$AF$3:$AF$122,$T57)="","—",INDEX(Calc!$AF$3:$AF$122,$T57)),"") | O57: =IF(AND(ISNUMBER($T57),$T57<>""),IF(INDEX(Calc!$AG$3:$AG$122,$T57)="","—",INDEX(Calc!$AG$3:$AG$122,$T57)),"") | P57: =IF(AND(ISNUMBER($T57),$T57<>""),IF(INDEX(Calc!$AJ$3:$AJ$122,$T57)="","—",INDEX(Calc!$AJ$3:$AJ$122,$T57)),"") | Q57: =IF(AND(ISNUMBER($T57),$T57<>""),IF(INDEX(Calc!$AK$3:$AK$122,$T57)="","—",INDEX(Calc!$AK$3:$AK$122,$T57)),"") | R57: =IF(AND(ISNUMBER($T57),$T57<>""),IF(INDEX(Calc!$AL$3:$AL$122,$T57)="","—",INDEX(Calc!$AL$3:$AL$122,$T57)),"") | T57: =IFERROR(MATCH(53,Calc!$AN$3:$AN$122,0),"")
A58: =IF(AND(ISNUMBER($T58),$T58<>""),INDEX(Calc!$S$3:$S$122,$T58),"") | B58: =IF(AND(ISNUMBER($T58),$T58<>""),IF(INDEX(Calc!$T$3:$T$122,$T58)="","—",INDEX(Calc!$T$3:$T$122,$T58)),"") | C58: =IF(AND(ISNUMBER($T58),$T58<>""),IF(INDEX(Calc!$U$3:$U$122,$T58)="","—",INDEX(Calc!$U$3:$U$122,$T58)),"") | D58: =IF(AND(ISNUMBER($T58),$T58<>""),IF(INDEX(Calc!$V$3:$V$122,$T58)="","—",INDEX(Calc!$V$3:$V$122,$T58)),"") | E58: =IF(AND(ISNUMBER($T58),$T58<>""),IF(INDEX(Calc!$W$3:$W$122,$T58)="","—",INDEX(Calc!$W$3:$W$122,$T58)),"") | F58: =IF(AND(ISNUMBER($T58),$T58<>""),IF(INDEX(Calc!$X$3:$X$122,$T58)="","—",INDEX(Calc!$X$3:$X$122,$T58)),"") | G58: =IF(AND(ISNUMBER($T58),$T58<>""),IF(INDEX(Calc!$Y$3:$Y$122,$T58)="","—",INDEX(Calc!$Y$3:$Y$122,$T58)),"") | H58: =IF(AND(ISNUMBER($T58),$T58<>""),IF(INDEX(Calc!$Z$3:$Z$122,$T58)="","—",INDEX(Calc!$Z$3:$Z$122,$T58)),"") | I58: =IF(AND(ISNUMBER($T58),$T58<>""),IF(INDEX(Calc!$AA$3:$AA$122,$T58)="","—",INDEX(Calc!$AA$3:$AA$122,$T58)),"") | J58: =IF(AND(ISNUMBER($T58),$T58<>""),IF(INDEX(Calc!$AB$3:$AB$122,$T58)="","—",INDEX(Calc!$AB$3:$AB$122,$T58)),"") | K58: =IF(AND(ISNUMBER($T58),$T58<>""),IF(INDEX(Calc!$AC$3:$AC$122,$T58)="","—",INDEX(Calc!$AC$3:$AC$122,$T58)),"") | L58: =IF(AND(ISNUMBER($T58),$T58<>""),IF(INDEX(Calc!$AD$3:$AD$122,$T58)="","—",INDEX(Calc!$AD$3:$AD$122,$T58)),"") | M58: =IF(AND(ISNUMBER($T58),$T58<>""),IF(INDEX(Calc!$AE$3:$AE$122,$T58)="","—",INDEX(Calc!$AE$3:$AE$122,$T58)),"") | N58: =IF(AND(ISNUMBER($T58),$T58<>""),IF(INDEX(Calc!$AF$3:$AF$122,$T58)="","—",INDEX(Calc!$AF$3:$AF$122,$T58)),"") | O58: =IF(AND(ISNUMBER($T58),$T58<>""),IF(INDEX(Calc!$AG$3:$AG$122,$T58)="","—",INDEX(Calc!$AG$3:$AG$122,$T58)),"") | P58: =IF(AND(ISNUMBER($T58),$T58<>""),IF(INDEX(Calc!$AJ$3:$AJ$122,$T58)="","—",INDEX(Calc!$AJ$3:$AJ$122,$T58)),"") | Q58: =IF(AND(ISNUMBER($T58),$T58<>""),IF(INDEX(Calc!$AK$3:$AK$122,$T58)="","—",INDEX(Calc!$AK$3:$AK$122,$T58)),"") | R58: =IF(AND(ISNUMBER($T58),$T58<>""),IF(INDEX(Calc!$AL$3:$AL$122,$T58)="","—",INDEX(Calc!$AL$3:$AL$122,$T58)),"") | T58: =IFERROR(MATCH(54,Calc!$AN$3:$AN$122,0),"")
A59: =IF(AND(ISNUMBER($T59),$T59<>""),INDEX(Calc!$S$3:$S$122,$T59),"") | B59: =IF(AND(ISNUMBER($T59),$T59<>""),IF(INDEX(Calc!$T$3:$T$122,$T59)="","—",INDEX(Calc!$T$3:$T$122,$T59)),"") | C59: =IF(AND(ISNUMBER($T59),$T59<>""),IF(INDEX(Calc!$U$3:$U$122,$T59)="","—",INDEX(Calc!$U$3:$U$122,$T59)),"") | D59: =IF(AND(ISNUMBER($T59),$T59<>""),IF(INDEX(Calc!$V$3:$V$122,$T59)="","—",INDEX(Calc!$V$3:$V$122,$T59)),"") | E59: =IF(AND(ISNUMBER($T59),$T59<>""),IF(INDEX(Calc!$W$3:$W$122,$T59)="","—",INDEX(Calc!$W$3:$W$122,$T59)),"") | F59: =IF(AND(ISNUMBER($T59),$T59<>""),IF(INDEX(Calc!$X$3:$X$122,$T59)="","—",INDEX(Calc!$X$3:$X$122,$T59)),"") | G59: =IF(AND(ISNUMBER($T59),$T59<>""),IF(INDEX(Calc!$Y$3:$Y$122,$T59)="","—",INDEX(Calc!$Y$3:$Y$122,$T59)),"") | H59: =IF(AND(ISNUMBER($T59),$T59<>""),IF(INDEX(Calc!$Z$3:$Z$122,$T59)="","—",INDEX(Calc!$Z$3:$Z$122,$T59)),"") | I59: =IF(AND(ISNUMBER($T59),$T59<>""),IF(INDEX(Calc!$AA$3:$AA$122,$T59)="","—",INDEX(Calc!$AA$3:$AA$122,$T59)),"") | J59: =IF(AND(ISNUMBER($T59),$T59<>""),IF(INDEX(Calc!$AB$3:$AB$122,$T59)="","—",INDEX(Calc!$AB$3:$AB$122,$T59)),"") | K59: =IF(AND(ISNUMBER($T59),$T59<>""),IF(INDEX(Calc!$AC$3:$AC$122,$T59)="","—",INDEX(Calc!$AC$3:$AC$122,$T59)),"") | L59: =IF(AND(ISNUMBER($T59),$T59<>""),IF(INDEX(Calc!$AD$3:$AD$122,$T59)="","—",INDEX(Calc!$AD$3:$AD$122,$T59)),"") | M59: =IF(AND(ISNUMBER($T59),$T59<>""),IF(INDEX(Calc!$AE$3:$AE$122,$T59)="","—",INDEX(Calc!$AE$3:$AE$122,$T59)),"") | N59: =IF(AND(ISNUMBER($T59),$T59<>""),IF(INDEX(Calc!$AF$3:$AF$122,$T59)="","—",INDEX(Calc!$AF$3:$AF$122,$T59)),"") | O59: =IF(AND(ISNUMBER($T59),$T59<>""),IF(INDEX(Calc!$AG$3:$AG$122,$T59)="","—",INDEX(Calc!$AG$3:$AG$122,$T59)),"") | P59: =IF(AND(ISNUMBER($T59),$T59<>""),IF(INDEX(Calc!$AJ$3:$AJ$122,$T59)="","—",INDEX(Calc!$AJ$3:$AJ$122,$T59)),"") | Q59: =IF(AND(ISNUMBER($T59),$T59<>""),IF(INDEX(Calc!$AK$3:$AK$122,$T59)="","—",INDEX(Calc!$AK$3:$AK$122,$T59)),"") | R59: =IF(AND(ISNUMBER($T59),$T59<>""),IF(INDEX(Calc!$AL$3:$AL$122,$T59)="","—",INDEX(Calc!$AL$3:$AL$122,$T59)),"") | T59: =IFERROR(MATCH(55,Calc!$AN$3:$AN$122,0),"")
A60: =IF(AND(ISNUMBER($T60),$T60<>""),INDEX(Calc!$S$3:$S$122,$T60),"") | B60: =IF(AND(ISNUMBER($T60),$T60<>""),IF(INDEX(Calc!$T$3:$T$122,$T60)="","—",INDEX(Calc!$T$3:$T$122,$T60)),"") | C60: =IF(AND(ISNUMBER($T60),$T60<>""),IF(INDEX(Calc!$U$3:$U$122,$T60)="","—",INDEX(Calc!$U$3:$U$122,$T60)),"") | D60: =IF(AND(ISNUMBER($T60),$T60<>""),IF(INDEX(Calc!$V$3:$V$122,$T60)="","—",INDEX(Calc!$V$3:$V$122,$T60)),"") | E60: =IF(AND(ISNUMBER($T60),$T60<>""),IF(INDEX(Calc!$W$3:$W$122,$T60)="","—",INDEX(Calc!$W$3:$W$122,$T60)),"") | F60: =IF(AND(ISNUMBER($T60),$T60<>""),IF(INDEX(Calc!$X$3:$X$122,$T60)="","—",INDEX(Calc!$X$3:$X$122,$T60)),"") | G60: =IF(AND(ISNUMBER($T60),$T60<>""),IF(INDEX(Calc!$Y$3:$Y$122,$T60)="","—",INDEX(Calc!$Y$3:$Y$122,$T60)),"") | H60: =IF(AND(ISNUMBER($T60),$T60<>""),IF(INDEX(Calc!$Z$3:$Z$122,$T60)="","—",INDEX(Calc!$Z$3:$Z$122,$T60)),"") | I60: =IF(AND(ISNUMBER($T60),$T60<>""),IF(INDEX(Calc!$AA$3:$AA$122,$T60)="","—",INDEX(Calc!$AA$3:$AA$122,$T60)),"") | J60: =IF(AND(ISNUMBER($T60),$T60<>""),IF(INDEX(Calc!$AB$3:$AB$122,$T60)="","—",INDEX(Calc!$AB$3:$AB$122,$T60)),"") | K60: =IF(AND(ISNUMBER($T60),$T60<>""),IF(INDEX(Calc!$AC$3:$AC$122,$T60)="","—",INDEX(Calc!$AC$3:$AC$122,$T60)),"") | L60: =IF(AND(ISNUMBER($T60),$T60<>""),IF(INDEX(Calc!$AD$3:$AD$122,$T60)="","—",INDEX(Calc!$AD$3:$AD$122,$T60)),"") | M60: =IF(AND(ISNUMBER($T60),$T60<>""),IF(INDEX(Calc!$AE$3:$AE$122,$T60)="","—",INDEX(Calc!$AE$3:$AE$122,$T60)),"") | N60: =IF(AND(ISNUMBER($T60),$T60<>""),IF(INDEX(Calc!$AF$3:$AF$122,$T60)="","—",INDEX(Calc!$AF$3:$AF$122,$T60)),"") | O60: =IF(AND(ISNUMBER($T60),$T60<>""),IF(INDEX(Calc!$AG$3:$AG$122,$T60)="","—",INDEX(Calc!$AG$3:$AG$122,$T60)),"") | P60: =IF(AND(ISNUMBER($T60),$T60<>""),IF(INDEX(Calc!$AJ$3:$AJ$122,$T60)="","—",INDEX(Calc!$AJ$3:$AJ$122,$T60)),"") | Q60: =IF(AND(ISNUMBER($T60),$T60<>""),IF(INDEX(Calc!$AK$3:$AK$122,$T60)="","—",INDEX(Calc!$AK$3:$AK$122,$T60)),"") | R60: =IF(AND(ISNUMBER($T60),$T60<>""),IF(INDEX(Calc!$AL$3:$AL$122,$T60)="","—",INDEX(Calc!$AL$3:$AL$122,$T60)),"") | T60: =IFERROR(MATCH(56,Calc!$AN$3:$AN$122,0),"")
A61: =IF(AND(ISNUMBER($T61),$T61<>""),INDEX(Calc!$S$3:$S$122,$T61),"") | B61: =IF(AND(ISNUMBER($T61),$T61<>""),IF(INDEX(Calc!$T$3:$T$122,$T61)="","—",INDEX(Calc!$T$3:$T$122,$T61)),"") | C61: =IF(AND(ISNUMBER($T61),$T61<>""),IF(INDEX(Calc!$U$3:$U$122,$T61)="","—",INDEX(Calc!$U$3:$U$122,$T61)),"") | D61: =IF(AND(ISNUMBER($T61),$T61<>""),IF(INDEX(Calc!$V$3:$V$122,$T61)="","—",INDEX(Calc!$V$3:$V$122,$T61)),"") | E61: =IF(AND(ISNUMBER($T61),$T61<>""),IF(INDEX(Calc!$W$3:$W$122,$T61)="","—",INDEX(Calc!$W$3:$W$122,$T61)),"") | F61: =IF(AND(ISNUMBER($T61),$T61<>""),IF(INDEX(Calc!$X$3:$X$122,$T61)="","—",INDEX(Calc!$X$3:$X$122,$T61)),"") | G61: =IF(AND(ISNUMBER($T61),$T61<>""),IF(INDEX(Calc!$Y$3:$Y$122,$T61)="","—",INDEX(Calc!$Y$3:$Y$122,$T61)),"") | H61: =IF(AND(ISNUMBER($T61),$T61<>""),IF(INDEX(Calc!$Z$3:$Z$122,$T61)="","—",INDEX(Calc!$Z$3:$Z$122,$T61)),"") | I61: =IF(AND(ISNUMBER($T61),$T61<>""),IF(INDEX(Calc!$AA$3:$AA$122,$T61)="","—",INDEX(Calc!$AA$3:$AA$122,$T61)),"") | J61: =IF(AND(ISNUMBER($T61),$T61<>""),IF(INDEX(Calc!$AB$3:$AB$122,$T61)="","—",INDEX(Calc!$AB$3:$AB$122,$T61)),"") | K61: =IF(AND(ISNUMBER($T61),$T61<>""),IF(INDEX(Calc!$AC$3:$AC$122,$T61)="","—",INDEX(Calc!$AC$3:$AC$122,$T61)),"") | L61: =IF(AND(ISNUMBER($T61),$T61<>""),IF(INDEX(Calc!$AD$3:$AD$122,$T61)="","—",INDEX(Calc!$AD$3:$AD$122,$T61)),"") | M61: =IF(AND(ISNUMBER($T61),$T61<>""),IF(INDEX(Calc!$AE$3:$AE$122,$T61)="","—",INDEX(Calc!$AE$3:$AE$122,$T61)),"") | N61: =IF(AND(ISNUMBER($T61),$T61<>""),IF(INDEX(Calc!$AF$3:$AF$122,$T61)="","—",INDEX(Calc!$AF$3:$AF$122,$T61)),"") | O61: =IF(AND(ISNUMBER($T61),$T61<>""),IF(INDEX(Calc!$AG$3:$AG$122,$T61)="","—",INDEX(Calc!$AG$3:$AG$122,$T61)),"") | P61: =IF(AND(ISNUMBER($T61),$T61<>""),IF(INDEX(Calc!$AJ$3:$AJ$122,$T61)="","—",INDEX(Calc!$AJ$3:$AJ$122,$T61)),"") | Q61: =IF(AND(ISNUMBER($T61),$T61<>""),IF(INDEX(Calc!$AK$3:$AK$122,$T61)="","—",INDEX(Calc!$AK$3:$AK$122,$T61)),"") | R61: =IF(AND(ISNUMBER($T61),$T61<>""),IF(INDEX(Calc!$AL$3:$AL$122,$T61)="","—",INDEX(Calc!$AL$3:$AL$122,$T61)),"") | T61: =IFERROR(MATCH(57,Calc!$AN$3:$AN$122,0),"")
A62: =IF(AND(ISNUMBER($T62),$T62<>""),INDEX(Calc!$S$3:$S$122,$T62),"") | B62: =IF(AND(ISNUMBER($T62),$T62<>""),IF(INDEX(Calc!$T$3:$T$122,$T62)="","—",INDEX(Calc!$T$3:$T$122,$T62)),"") | C62: =IF(AND(ISNUMBER($T62),$T62<>""),IF(INDEX(Calc!$U$3:$U$122,$T62)="","—",INDEX(Calc!$U$3:$U$122,$T62)),"") | D62: =IF(AND(ISNUMBER($T62),$T62<>""),IF(INDEX(Calc!$V$3:$V$122,$T62)="","—",INDEX(Calc!$V$3:$V$122,$T62)),"") | E62: =IF(AND(ISNUMBER($T62),$T62<>""),IF(INDEX(Calc!$W$3:$W$122,$T62)="","—",INDEX(Calc!$W$3:$W$122,$T62)),"") | F62: =IF(AND(ISNUMBER($T62),$T62<>""),IF(INDEX(Calc!$X$3:$X$122,$T62)="","—",INDEX(Calc!$X$3:$X$122,$T62)),"") | G62: =IF(AND(ISNUMBER($T62),$T62<>""),IF(INDEX(Calc!$Y$3:$Y$122,$T62)="","—",INDEX(Calc!$Y$3:$Y$122,$T62)),"") | H62: =IF(AND(ISNUMBER($T62),$T62<>""),IF(INDEX(Calc!$Z$3:$Z$122,$T62)="","—",INDEX(Calc!$Z$3:$Z$122,$T62)),"") | I62: =IF(AND(ISNUMBER($T62),$T62<>""),IF(INDEX(Calc!$AA$3:$AA$122,$T62)="","—",INDEX(Calc!$AA$3:$AA$122,$T62)),"") | J62: =IF(AND(ISNUMBER($T62),$T62<>""),IF(INDEX(Calc!$AB$3:$AB$122,$T62)="","—",INDEX(Calc!$AB$3:$AB$122,$T62)),"") | K62: =IF(AND(ISNUMBER($T62),$T62<>""),IF(INDEX(Calc!$AC$3:$AC$122,$T62)="","—",INDEX(Calc!$AC$3:$AC$122,$T62)),"") | L62: =IF(AND(ISNUMBER($T62),$T62<>""),IF(INDEX(Calc!$AD$3:$AD$122,$T62)="","—",INDEX(Calc!$AD$3:$AD$122,$T62)),"") | M62: =IF(AND(ISNUMBER($T62),$T62<>""),IF(INDEX(Calc!$AE$3:$AE$122,$T62)="","—",INDEX(Calc!$AE$3:$AE$122,$T62)),"") | N62: =IF(AND(ISNUMBER($T62),$T62<>""),IF(INDEX(Calc!$AF$3:$AF$122,$T62)="","—",INDEX(Calc!$AF$3:$AF$122,$T62)),"") | O62: =IF(AND(ISNUMBER($T62),$T62<>""),IF(INDEX(Calc!$AG$3:$AG$122,$T62)="","—",INDEX(Calc!$AG$3:$AG$122,$T62)),"") | P62: =IF(AND(ISNUMBER($T62),$T62<>""),IF(INDEX(Calc!$AJ$3:$AJ$122,$T62)="","—",INDEX(Calc!$AJ$3:$AJ$122,$T62)),"") | Q62: =IF(AND(ISNUMBER($T62),$T62<>""),IF(INDEX(Calc!$AK$3:$AK$122,$T62)="","—",INDEX(Calc!$AK$3:$AK$122,$T62)),"") | R62: =IF(AND(ISNUMBER($T62),$T62<>""),IF(INDEX(Calc!$AL$3:$AL$122,$T62)="","—",INDEX(Calc!$AL$3:$AL$122,$T62)),"") | T62: =IFERROR(MATCH(58,Calc!$AN$3:$AN$122,0),"")
A63: =IF(AND(ISNUMBER($T63),$T63<>""),INDEX(Calc!$S$3:$S$122,$T63),"") | B63: =IF(AND(ISNUMBER($T63),$T63<>""),IF(INDEX(Calc!$T$3:$T$122,$T63)="","—",INDEX(Calc!$T$3:$T$122,$T63)),"") | C63: =IF(AND(ISNUMBER($T63),$T63<>""),IF(INDEX(Calc!$U$3:$U$122,$T63)="","—",INDEX(Calc!$U$3:$U$122,$T63)),"") | D63: =IF(AND(ISNUMBER($T63),$T63<>""),IF(INDEX(Calc!$V$3:$V$122,$T63)="","—",INDEX(Calc!$V$3:$V$122,$T63)),"") | E63: =IF(AND(ISNUMBER($T63),$T63<>""),IF(INDEX(Calc!$W$3:$W$122,$T63)="","—",INDEX(Calc!$W$3:$W$122,$T63)),"") | F63: =IF(AND(ISNUMBER($T63),$T63<>""),IF(INDEX(Calc!$X$3:$X$122,$T63)="","—",INDEX(Calc!$X$3:$X$122,$T63)),"") | G63: =IF(AND(ISNUMBER($T63),$T63<>""),IF(INDEX(Calc!$Y$3:$Y$122,$T63)="","—",INDEX(Calc!$Y$3:$Y$122,$T63)),"") | H63: =IF(AND(ISNUMBER($T63),$T63<>""),IF(INDEX(Calc!$Z$3:$Z$122,$T63)="","—",INDEX(Calc!$Z$3:$Z$122,$T63)),"") | I63: =IF(AND(ISNUMBER($T63),$T63<>""),IF(INDEX(Calc!$AA$3:$AA$122,$T63)="","—",INDEX(Calc!$AA$3:$AA$122,$T63)),"") | J63: =IF(AND(ISNUMBER($T63),$T63<>""),IF(INDEX(Calc!$AB$3:$AB$122,$T63)="","—",INDEX(Calc!$AB$3:$AB$122,$T63)),"") | K63: =IF(AND(ISNUMBER($T63),$T63<>""),IF(INDEX(Calc!$AC$3:$AC$122,$T63)="","—",INDEX(Calc!$AC$3:$AC$122,$T63)),"") | L63: =IF(AND(ISNUMBER($T63),$T63<>""),IF(INDEX(Calc!$AD$3:$AD$122,$T63)="","—",INDEX(Calc!$AD$3:$AD$122,$T63)),"") | M63: =IF(AND(ISNUMBER($T63),$T63<>""),IF(INDEX(Calc!$AE$3:$AE$122,$T63)="","—",INDEX(Calc!$AE$3:$AE$122,$T63)),"") | N63: =IF(AND(ISNUMBER($T63),$T63<>""),IF(INDEX(Calc!$AF$3:$AF$122,$T63)="","—",INDEX(Calc!$AF$3:$AF$122,$T63)),"") | O63: =IF(AND(ISNUMBER($T63),$T63<>""),IF(INDEX(Calc!$AG$3:$AG$122,$T63)="","—",INDEX(Calc!$AG$3:$AG$122,$T63)),"") | P63: =IF(AND(ISNUMBER($T63),$T63<>""),IF(INDEX(Calc!$AJ$3:$AJ$122,$T63)="","—",INDEX(Calc!$AJ$3:$AJ$122,$T63)),"") | Q63: =IF(AND(ISNUMBER($T63),$T63<>""),IF(INDEX(Calc!$AK$3:$AK$122,$T63)="","—",INDEX(Calc!$AK$3:$AK$122,$T63)),"") | R63: =IF(AND(ISNUMBER($T63),$T63<>""),IF(INDEX(Calc!$AL$3:$AL$122,$T63)="","—",INDEX(Calc!$AL$3:$AL$122,$T63)),"") | T63: =IFERROR(MATCH(59,Calc!$AN$3:$AN$122,0),"")
A64: =IF(AND(ISNUMBER($T64),$T64<>""),INDEX(Calc!$S$3:$S$122,$T64),"") | B64: =IF(AND(ISNUMBER($T64),$T64<>""),IF(INDEX(Calc!$T$3:$T$122,$T64)="","—",INDEX(Calc!$T$3:$T$122,$T64)),"") | C64: =IF(AND(ISNUMBER($T64),$T64<>""),IF(INDEX(Calc!$U$3:$U$122,$T64)="","—",INDEX(Calc!$U$3:$U$122,$T64)),"") | D64: =IF(AND(ISNUMBER($T64),$T64<>""),IF(INDEX(Calc!$V$3:$V$122,$T64)="","—",INDEX(Calc!$V$3:$V$122,$T64)),"") | E64: =IF(AND(ISNUMBER($T64),$T64<>""),IF(INDEX(Calc!$W$3:$W$122,$T64)="","—",INDEX(Calc!$W$3:$W$122,$T64)),"") | F64: =IF(AND(ISNUMBER($T64),$T64<>""),IF(INDEX(Calc!$X$3:$X$122,$T64)="","—",INDEX(Calc!$X$3:$X$122,$T64)),"") | G64: =IF(AND(ISNUMBER($T64),$T64<>""),IF(INDEX(Calc!$Y$3:$Y$122,$T64)="","—",INDEX(Calc!$Y$3:$Y$122,$T64)),"") | H64: =IF(AND(ISNUMBER($T64),$T64<>""),IF(INDEX(Calc!$Z$3:$Z$122,$T64)="","—",INDEX(Calc!$Z$3:$Z$122,$T64)),"") | I64: =IF(AND(ISNUMBER($T64),$T64<>""),IF(INDEX(Calc!$AA$3:$AA$122,$T64)="","—",INDEX(Calc!$AA$3:$AA$122,$T64)),"") | J64: =IF(AND(ISNUMBER($T64),$T64<>""),IF(INDEX(Calc!$AB$3:$AB$122,$T64)="","—",INDEX(Calc!$AB$3:$AB$122,$T64)),"") | K64: =IF(AND(ISNUMBER($T64),$T64<>""),IF(INDEX(Calc!$AC$3:$AC$122,$T64)="","—",INDEX(Calc!$AC$3:$AC$122,$T64)),"") | L64: =IF(AND(ISNUMBER($T64),$T64<>""),IF(INDEX(Calc!$AD$3:$AD$122,$T64)="","—",INDEX(Calc!$AD$3:$AD$122,$T64)),"") | M64: =IF(AND(ISNUMBER($T64),$T64<>""),IF(INDEX(Calc!$AE$3:$AE$122,$T64)="","—",INDEX(Calc!$AE$3:$AE$122,$T64)),"") | N64: =IF(AND(ISNUMBER($T64),$T64<>""),IF(INDEX(Calc!$AF$3:$AF$122,$T64)="","—",INDEX(Calc!$AF$3:$AF$122,$T64)),"") | O64: =IF(AND(ISNUMBER($T64),$T64<>""),IF(INDEX(Calc!$AG$3:$AG$122,$T64)="","—",INDEX(Calc!$AG$3:$AG$122,$T64)),"") | P64: =IF(AND(ISNUMBER($T64),$T64<>""),IF(INDEX(Calc!$AJ$3:$AJ$122,$T64)="","—",INDEX(Calc!$AJ$3:$AJ$122,$T64)),"") | Q64: =IF(AND(ISNUMBER($T64),$T64<>""),IF(INDEX(Calc!$AK$3:$AK$122,$T64)="","—",INDEX(Calc!$AK$3:$AK$122,$T64)),"") | R64: =IF(AND(ISNUMBER($T64),$T64<>""),IF(INDEX(Calc!$AL$3:$AL$122,$T64)="","—",INDEX(Calc!$AL$3:$AL$122,$T64)),"") | T64: =IFERROR(MATCH(60,Calc!$AN$3:$AN$122,0),"")
A65: =IF(AND(ISNUMBER($T65),$T65<>""),INDEX(Calc!$S$3:$S$122,$T65),"") | B65: =IF(AND(ISNUMBER($T65),$T65<>""),IF(INDEX(Calc!$T$3:$T$122,$T65)="","—",INDEX(Calc!$T$3:$T$122,$T65)),"") | C65: =IF(AND(ISNUMBER($T65),$T65<>""),IF(INDEX(Calc!$U$3:$U$122,$T65)="","—",INDEX(Calc!$U$3:$U$122,$T65)),"") | D65: =IF(AND(ISNUMBER($T65),$T65<>""),IF(INDEX(Calc!$V$3:$V$122,$T65)="","—",INDEX(Calc!$V$3:$V$122,$T65)),"") | E65: =IF(AND(ISNUMBER($T65),$T65<>""),IF(INDEX(Calc!$W$3:$W$122,$T65)="","—",INDEX(Calc!$W$3:$W$122,$T65)),"") | F65: =IF(AND(ISNUMBER($T65),$T65<>""),IF(INDEX(Calc!$X$3:$X$122,$T65)="","—",INDEX(Calc!$X$3:$X$122,$T65)),"") | G65: =IF(AND(ISNUMBER($T65),$T65<>""),IF(INDEX(Calc!$Y$3:$Y$122,$T65)="","—",INDEX(Calc!$Y$3:$Y$122,$T65)),"") | H65: =IF(AND(ISNUMBER($T65),$T65<>""),IF(INDEX(Calc!$Z$3:$Z$122,$T65)="","—",INDEX(Calc!$Z$3:$Z$122,$T65)),"") | I65: =IF(AND(ISNUMBER($T65),$T65<>""),IF(INDEX(Calc!$AA$3:$AA$122,$T65)="","—",INDEX(Calc!$AA$3:$AA$122,$T65)),"") | J65: =IF(AND(ISNUMBER($T65),$T65<>""),IF(INDEX(Calc!$AB$3:$AB$122,$T65)="","—",INDEX(Calc!$AB$3:$AB$122,$T65)),"") | K65: =IF(AND(ISNUMBER($T65),$T65<>""),IF(INDEX(Calc!$AC$3:$AC$122,$T65)="","—",INDEX(Calc!$AC$3:$AC$122,$T65)),"") | L65: =IF(AND(ISNUMBER($T65),$T65<>""),IF(INDEX(Calc!$AD$3:$AD$122,$T65)="","—",INDEX(Calc!$AD$3:$AD$122,$T65)),"") | M65: =IF(AND(ISNUMBER($T65),$T65<>""),IF(INDEX(Calc!$AE$3:$AE$122,$T65)="","—",INDEX(Calc!$AE$3:$AE$122,$T65)),"") | N65: =IF(AND(ISNUMBER($T65),$T65<>""),IF(INDEX(Calc!$AF$3:$AF$122,$T65)="","—",INDEX(Calc!$AF$3:$AF$122,$T65)),"") | O65: =IF(AND(ISNUMBER($T65),$T65<>""),IF(INDEX(Calc!$AG$3:$AG$122,$T65)="","—",INDEX(Calc!$AG$3:$AG$122,$T65)),"") | P65: =IF(AND(ISNUMBER($T65),$T65<>""),IF(INDEX(Calc!$AJ$3:$AJ$122,$T65)="","—",INDEX(Calc!$AJ$3:$AJ$122,$T65)),"") | Q65: =IF(AND(ISNUMBER($T65),$T65<>""),IF(INDEX(Calc!$AK$3:$AK$122,$T65)="","—",INDEX(Calc!$AK$3:$AK$122,$T65)),"") | R65: =IF(AND(ISNUMBER($T65),$T65<>""),IF(INDEX(Calc!$AL$3:$AL$122,$T65)="","—",INDEX(Calc!$AL$3:$AL$122,$T65)),"") | T65: =IFERROR(MATCH(61,Calc!$AN$3:$AN$122,0),"")
A66: =IF(AND(ISNUMBER($T66),$T66<>""),INDEX(Calc!$S$3:$S$122,$T66),"") | B66: =IF(AND(ISNUMBER($T66),$T66<>""),IF(INDEX(Calc!$T$3:$T$122,$T66)="","—",INDEX(Calc!$T$3:$T$122,$T66)),"") | C66: =IF(AND(ISNUMBER($T66),$T66<>""),IF(INDEX(Calc!$U$3:$U$122,$T66)="","—",INDEX(Calc!$U$3:$U$122,$T66)),"") | D66: =IF(AND(ISNUMBER($T66),$T66<>""),IF(INDEX(Calc!$V$3:$V$122,$T66)="","—",INDEX(Calc!$V$3:$V$122,$T66)),"") | E66: =IF(AND(ISNUMBER($T66),$T66<>""),IF(INDEX(Calc!$W$3:$W$122,$T66)="","—",INDEX(Calc!$W$3:$W$122,$T66)),"") | F66: =IF(AND(ISNUMBER($T66),$T66<>""),IF(INDEX(Calc!$X$3:$X$122,$T66)="","—",INDEX(Calc!$X$3:$X$122,$T66)),"") | G66: =IF(AND(ISNUMBER($T66),$T66<>""),IF(INDEX(Calc!$Y$3:$Y$122,$T66)="","—",INDEX(Calc!$Y$3:$Y$122,$T66)),"") | H66: =IF(AND(ISNUMBER($T66),$T66<>""),IF(INDEX(Calc!$Z$3:$Z$122,$T66)="","—",INDEX(Calc!$Z$3:$Z$122,$T66)),"") | I66: =IF(AND(ISNUMBER($T66),$T66<>""),IF(INDEX(Calc!$AA$3:$AA$122,$T66)="","—",INDEX(Calc!$AA$3:$AA$122,$T66)),"") | J66: =IF(AND(ISNUMBER($T66),$T66<>""),IF(INDEX(Calc!$AB$3:$AB$122,$T66)="","—",INDEX(Calc!$AB$3:$AB$122,$T66)),"") | K66: =IF(AND(ISNUMBER($T66),$T66<>""),IF(INDEX(Calc!$AC$3:$AC$122,$T66)="","—",INDEX(Calc!$AC$3:$AC$122,$T66)),"") | L66: =IF(AND(ISNUMBER($T66),$T66<>""),IF(INDEX(Calc!$AD$3:$AD$122,$T66)="","—",INDEX(Calc!$AD$3:$AD$122,$T66)),"") | M66: =IF(AND(ISNUMBER($T66),$T66<>""),IF(INDEX(Calc!$AE$3:$AE$122,$T66)="","—",INDEX(Calc!$AE$3:$AE$122,$T66)),"") | N66: =IF(AND(ISNUMBER($T66),$T66<>""),IF(INDEX(Calc!$AF$3:$AF$122,$T66)="","—",INDEX(Calc!$AF$3:$AF$122,$T66)),"") | O66: =IF(AND(ISNUMBER($T66),$T66<>""),IF(INDEX(Calc!$AG$3:$AG$122,$T66)="","—",INDEX(Calc!$AG$3:$AG$122,$T66)),"") | P66: =IF(AND(ISNUMBER($T66),$T66<>""),IF(INDEX(Calc!$AJ$3:$AJ$122,$T66)="","—",INDEX(Calc!$AJ$3:$AJ$122,$T66)),"") | Q66: =IF(AND(ISNUMBER($T66),$T66<>""),IF(INDEX(Calc!$AK$3:$AK$122,$T66)="","—",INDEX(Calc!$AK$3:$AK$122,$T66)),"") | R66: =IF(AND(ISNUMBER($T66),$T66<>""),IF(INDEX(Calc!$AL$3:$AL$122,$T66)="","—",INDEX(Calc!$AL$3:$AL$122,$T66)),"") | T66: =IFERROR(MATCH(62,Calc!$AN$3:$AN$122,0),"")
A67: =IF(AND(ISNUMBER($T67),$T67<>""),INDEX(Calc!$S$3:$S$122,$T67),"") | B67: =IF(AND(ISNUMBER($T67),$T67<>""),IF(INDEX(Calc!$T$3:$T$122,$T67)="","—",INDEX(Calc!$T$3:$T$122,$T67)),"") | C67: =IF(AND(ISNUMBER($T67),$T67<>""),IF(INDEX(Calc!$U$3:$U$122,$T67)="","—",INDEX(Calc!$U$3:$U$122,$T67)),"") | D67: =IF(AND(ISNUMBER($T67),$T67<>""),IF(INDEX(Calc!$V$3:$V$122,$T67)="","—",INDEX(Calc!$V$3:$V$122,$T67)),"") | E67: =IF(AND(ISNUMBER($T67),$T67<>""),IF(INDEX(Calc!$W$3:$W$122,$T67)="","—",INDEX(Calc!$W$3:$W$122,$T67)),"") | F67: =IF(AND(ISNUMBER($T67),$T67<>""),IF(INDEX(Calc!$X$3:$X$122,$T67)="","—",INDEX(Calc!$X$3:$X$122,$T67)),"") | G67: =IF(AND(ISNUMBER($T67),$T67<>""),IF(INDEX(Calc!$Y$3:$Y$122,$T67)="","—",INDEX(Calc!$Y$3:$Y$122,$T67)),"") | H67: =IF(AND(ISNUMBER($T67),$T67<>""),IF(INDEX(Calc!$Z$3:$Z$122,$T67)="","—",INDEX(Calc!$Z$3:$Z$122,$T67)),"") | I67: =IF(AND(ISNUMBER($T67),$T67<>""),IF(INDEX(Calc!$AA$3:$AA$122,$T67)="","—",INDEX(Calc!$AA$3:$AA$122,$T67)),"") | J67: =IF(AND(ISNUMBER($T67),$T67<>""),IF(INDEX(Calc!$AB$3:$AB$122,$T67)="","—",INDEX(Calc!$AB$3:$AB$122,$T67)),"") | K67: =IF(AND(ISNUMBER($T67),$T67<>""),IF(INDEX(Calc!$AC$3:$AC$122,$T67)="","—",INDEX(Calc!$AC$3:$AC$122,$T67)),"") | L67: =IF(AND(ISNUMBER($T67),$T67<>""),IF(INDEX(Calc!$AD$3:$AD$122,$T67)="","—",INDEX(Calc!$AD$3:$AD$122,$T67)),"") | M67: =IF(AND(ISNUMBER($T67),$T67<>""),IF(INDEX(Calc!$AE$3:$AE$122,$T67)="","—",INDEX(Calc!$AE$3:$AE$122,$T67)),"") | N67: =IF(AND(ISNUMBER($T67),$T67<>""),IF(INDEX(Calc!$AF$3:$AF$122,$T67)="","—",INDEX(Calc!$AF$3:$AF$122,$T67)),"") | O67: =IF(AND(ISNUMBER($T67),$T67<>""),IF(INDEX(Calc!$AG$3:$AG$122,$T67)="","—",INDEX(Calc!$AG$3:$AG$122,$T67)),"") | P67: =IF(AND(ISNUMBER($T67),$T67<>""),IF(INDEX(Calc!$AJ$3:$AJ$122,$T67)="","—",INDEX(Calc!$AJ$3:$AJ$122,$T67)),"") | Q67: =IF(AND(ISNUMBER($T67),$T67<>""),IF(INDEX(Calc!$AK$3:$AK$122,$T67)="","—",INDEX(Calc!$AK$3:$AK$122,$T67)),"") | R67: =IF(AND(ISNUMBER($T67),$T67<>""),IF(INDEX(Calc!$AL$3:$AL$122,$T67)="","—",INDEX(Calc!$AL$3:$AL$122,$T67)),"") | T67: =IFERROR(MATCH(63,Calc!$AN$3:$AN$122,0),"")
